"LOCATION","INDICATOR","SUBJECT","MEASURE","FREQUENCY","TIME","Value","Flag Codes"
"AUS","LTUNEMP","TOT","PC_UNEMP","A","1978",14.4202463493047,
"AUS","LTUNEMP","TOT","PC_UNEMP","A","1979",18.1281509467225,
"AUS","LTUNEMP","TOT","PC_UNEMP","A","1980",19.1755175958103,
"AUS","LTUNEMP","TOT","PC_UNEMP","A","1981",19.5011234243497,
"AUS","LTUNEMP","TOT","PC_UNEMP","A","1982",18.7591805726455,
"AUS","LTUNEMP","TOT","PC_UNEMP","A","1983",25.211607875543,
"AUS","LTUNEMP","TOT","PC_UNEMP","A","1984",31.0161178387904,
"AUS","LTUNEMP","TOT","PC_UNEMP","A","1985",30.7679803339708,
"AUS","LTUNEMP","TOT","PC_UNEMP","A","1986",27.6100025769749,
"AUS","LTUNEMP","TOT","PC_UNEMP","A","1987",28.0074357009055,
"AUS","LTUNEMP","TOT","PC_UNEMP","A","1988",27.7700453647751,
"AUS","LTUNEMP","TOT","PC_UNEMP","A","1989",24.7619909894129,
"AUS","LTUNEMP","TOT","PC_UNEMP","A","1990",21.0844733242134,
"AUS","LTUNEMP","TOT","PC_UNEMP","A","1991",21.0381988431619,
"AUS","LTUNEMP","TOT","PC_UNEMP","A","1992",19.1909306287397,
"AUS","LTUNEMP","TOT","PC_UNEMP","A","1993",17.7599856457642,
"AUS","LTUNEMP","TOT","PC_UNEMP","A","1994",17.5086354062101,
"AUS","LTUNEMP","TOT","PC_UNEMP","A","1995",18.3492083591812,
"AUS","LTUNEMP","TOT","PC_UNEMP","A","1996",19.1744297539166,
"AUS","LTUNEMP","TOT","PC_UNEMP","A","1997",18.9970419797928,
"AUS","LTUNEMP","TOT","PC_UNEMP","A","1998",18.6818679338106,
"AUS","LTUNEMP","TOT","PC_UNEMP","A","1999",18.0986549634801,
"AUS","LTUNEMP","TOT","PC_UNEMP","A","2000",18.2963491453797,
"AUS","LTUNEMP","TOT","PC_UNEMP","A","2001",19.1718774087408,
"AUS","LTUNEMP","TOT","PC_UNEMP","A","2002",18.8292084187237,
"AUS","LTUNEMP","TOT","PC_UNEMP","A","2003",18.6244914665793,
"AUS","LTUNEMP","TOT","PC_UNEMP","A","2004",17.6976231581224,
"AUS","LTUNEMP","TOT","PC_UNEMP","A","2005",17.7267808812835,
"AUS","LTUNEMP","TOT","PC_UNEMP","A","2006",18.1772031706304,
"AUS","LTUNEMP","TOT","PC_UNEMP","A","2007",18.5275432707979,
"AUS","LTUNEMP","TOT","PC_UNEMP","A","2008",18.7158494672707,
"AUS","LTUNEMP","TOT","PC_UNEMP","A","2009",20.5786507933469,
"AUS","LTUNEMP","TOT","PC_UNEMP","A","2010",19.1831716581248,
"AUS","LTUNEMP","TOT","PC_UNEMP","A","2011",19.3203990162307,
"AUS","LTUNEMP","TOT","PC_UNEMP","A","2012",19.6043992625637,
"AUS","LTUNEMP","TOT","PC_UNEMP","A","2013",19.8160717067764,
"AUS","LTUNEMP","TOT","PC_UNEMP","A","2014",19.7230251550357,
"AUS","LTUNEMP","TOT","PC_UNEMP","A","2015",19.8360532778981,
"AUS","LTUNEMP","TOT","PC_UNEMP","A","2016",19.2578668492131,
"AUS","LTUNEMP","TOT","PC_UNEMP","A","2017",19.890177839515,
"AUS","LTUNEMP","TOT","PC_UNEMP","A","2018",19.3563397422267,
"AUT","LTUNEMP","TOT","PC_UNEMP","A","1994",18.4271754304328,
"AUT","LTUNEMP","TOT","PC_UNEMP","A","1995",29.1442250149611,
"AUT","LTUNEMP","TOT","PC_UNEMP","A","1996",24.8637939574047,
"AUT","LTUNEMP","TOT","PC_UNEMP","A","1997",27.4987053340238,
"AUT","LTUNEMP","TOT","PC_UNEMP","A","1998",30.293971101146,
"AUT","LTUNEMP","TOT","PC_UNEMP","A","1999",29.1735995562951,
"AUT","LTUNEMP","TOT","PC_UNEMP","A","2000",25.8375724529264,
"AUT","LTUNEMP","TOT","PC_UNEMP","A","2001",23.3310064522022,
"AUT","LTUNEMP","TOT","PC_UNEMP","A","2002",19.2131723700492,
"AUT","LTUNEMP","TOT","PC_UNEMP","A","2003",24.5470964917082,
"AUT","LTUNEMP","TOT","PC_UNEMP","A","2004",27.8930528581584,
"AUT","LTUNEMP","TOT","PC_UNEMP","A","2005",25.5295061040244,
"AUT","LTUNEMP","TOT","PC_UNEMP","A","2006",27.9636636514844,
"AUT","LTUNEMP","TOT","PC_UNEMP","A","2007",27.2456825538187,
"AUT","LTUNEMP","TOT","PC_UNEMP","A","2008",24.3227529979009,
"AUT","LTUNEMP","TOT","PC_UNEMP","A","2009",21.6810131113077,
"AUT","LTUNEMP","TOT","PC_UNEMP","A","2010",25.4463757471112,
"AUT","LTUNEMP","TOT","PC_UNEMP","A","2011",26.2558504871444,
"AUT","LTUNEMP","TOT","PC_UNEMP","A","2012",24.9125091629393,
"AUT","LTUNEMP","TOT","PC_UNEMP","A","2013",24.5928924403852,
"AUT","LTUNEMP","TOT","PC_UNEMP","A","2014",27.2021202803429,
"AUT","LTUNEMP","TOT","PC_UNEMP","A","2015",29.2154463151361,
"AUT","LTUNEMP","TOT","PC_UNEMP","A","2016",32.2886809062047,
"AUT","LTUNEMP","TOT","PC_UNEMP","A","2017",33.4254343612173,
"AUT","LTUNEMP","TOT","PC_UNEMP","A","2018",28.8987448132482,
"AUT","LTUNEMP","TOT","PC_UNEMP","A","2019",25.1328403692699,
"AUT","LTUNEMP","TOT","PC_UNEMP","A","2020",24.5320990392762,
"BEL","LTUNEMP","TOT","PC_UNEMP","A","1983",64.7862099843295,
"BEL","LTUNEMP","TOT","PC_UNEMP","A","1984",67.6217147781129,
"BEL","LTUNEMP","TOT","PC_UNEMP","A","1985",68.9298561151079,
"BEL","LTUNEMP","TOT","PC_UNEMP","A","1986",69.5856662933931,
"BEL","LTUNEMP","TOT","PC_UNEMP","A","1987",73.5052487448654,
"BEL","LTUNEMP","TOT","PC_UNEMP","A","1988",76.1672652642381,
"BEL","LTUNEMP","TOT","PC_UNEMP","A","1989",75.4418604651163,
"BEL","LTUNEMP","TOT","PC_UNEMP","A","1990",68.5291997116078,
"BEL","LTUNEMP","TOT","PC_UNEMP","A","1991",62.8997093023256,
"BEL","LTUNEMP","TOT","PC_UNEMP","A","1992",59.0539541759054,
"BEL","LTUNEMP","TOT","PC_UNEMP","A","1993",52.9608259945339,
"BEL","LTUNEMP","TOT","PC_UNEMP","A","1994",58.2707351253663,
"BEL","LTUNEMP","TOT","PC_UNEMP","A","1995",62.3710154112188,
"BEL","LTUNEMP","TOT","PC_UNEMP","A","1996",61.2546766633586,
"BEL","LTUNEMP","TOT","PC_UNEMP","A","1997",60.5293648014418,
"BEL","LTUNEMP","TOT","PC_UNEMP","A","1998",61.6601722534761,
"BEL","LTUNEMP","TOT","PC_UNEMP","A","1999",60.5014291615066,
"BEL","LTUNEMP","TOT","PC_UNEMP","A","2000",54.2166017088512,
"BEL","LTUNEMP","TOT","PC_UNEMP","A","2001",48.4347207138084,
"BEL","LTUNEMP","TOT","PC_UNEMP","A","2002",48.7653968713745,
"BEL","LTUNEMP","TOT","PC_UNEMP","A","2003",45.3465081071973,
"BEL","LTUNEMP","TOT","PC_UNEMP","A","2004",49.0284381071044,
"BEL","LTUNEMP","TOT","PC_UNEMP","A","2005",51.7092137219187,
"BEL","LTUNEMP","TOT","PC_UNEMP","A","2006",51.2077409440248,
"BEL","LTUNEMP","TOT","PC_UNEMP","A","2007",50.3634181689049,
"BEL","LTUNEMP","TOT","PC_UNEMP","A","2008",47.5513690067097,
"BEL","LTUNEMP","TOT","PC_UNEMP","A","2009",44.1945326880226,
"BEL","LTUNEMP","TOT","PC_UNEMP","A","2010",48.7713646081492,
"BEL","LTUNEMP","TOT","PC_UNEMP","A","2011",48.3131593340858,
"BEL","LTUNEMP","TOT","PC_UNEMP","A","2012",44.6905501277487,
"BEL","LTUNEMP","TOT","PC_UNEMP","A","2013",46.0450270487679,
"BEL","LTUNEMP","TOT","PC_UNEMP","A","2014",49.9359430604917,
"BEL","LTUNEMP","TOT","PC_UNEMP","A","2015",51.7347067110669,
"BEL","LTUNEMP","TOT","PC_UNEMP","A","2016",51.6139006933752,
"BEL","LTUNEMP","TOT","PC_UNEMP","A","2017",48.7943091964919,
"BEL","LTUNEMP","TOT","PC_UNEMP","A","2018",48.6773860664732,
"BEL","LTUNEMP","TOT","PC_UNEMP","A","2019",43.5107151144508,
"BEL","LTUNEMP","TOT","PC_UNEMP","A","2020",41.6392766609548,
"CAN","LTUNEMP","TOT","PC_UNEMP","A","1976",2.4414763945032,
"CAN","LTUNEMP","TOT","PC_UNEMP","A","1977",3.33049719311223,
"CAN","LTUNEMP","TOT","PC_UNEMP","A","1978",5.00168221191939,
"CAN","LTUNEMP","TOT","PC_UNEMP","A","1979",4.73537601762387,
"CAN","LTUNEMP","TOT","PC_UNEMP","A","1980",4.81857423707906,
"CAN","LTUNEMP","TOT","PC_UNEMP","A","1981",5.57620815058221,
"CAN","LTUNEMP","TOT","PC_UNEMP","A","1982",6.93908426866217,
"CAN","LTUNEMP","TOT","PC_UNEMP","A","1983",11.9649410005793,
"CAN","LTUNEMP","TOT","PC_UNEMP","A","1984",11.9889659635797,
"CAN","LTUNEMP","TOT","PC_UNEMP","A","1985",12.1554823330691,
"CAN","LTUNEMP","TOT","PC_UNEMP","A","1986",10.6898494549632,
"CAN","LTUNEMP","TOT","PC_UNEMP","A","1987",10.7816943803043,
"CAN","LTUNEMP","TOT","PC_UNEMP","A","1988",8.750725186722,
"CAN","LTUNEMP","TOT","PC_UNEMP","A","1989",8.11865722924499,
"CAN","LTUNEMP","TOT","PC_UNEMP","A","1990",7.08802003831996,
"CAN","LTUNEMP","TOT","PC_UNEMP","A","1991",8.91376459464762,
"CAN","LTUNEMP","TOT","PC_UNEMP","A","1992",13.3816241256437,
"CAN","LTUNEMP","TOT","PC_UNEMP","A","1993",16.5039486985185,
"CAN","LTUNEMP","TOT","PC_UNEMP","A","1994",17.8124998993007,
"CAN","LTUNEMP","TOT","PC_UNEMP","A","1995",16.7198278449351,
"CAN","LTUNEMP","TOT","PC_UNEMP","A","1996",16.7376398153395,
"CAN","LTUNEMP","TOT","PC_UNEMP","A","1997",16.0673818762028,
"CAN","LTUNEMP","TOT","PC_UNEMP","A","1998",13.6453364337998,
"CAN","LTUNEMP","TOT","PC_UNEMP","A","1999",11.7078790837555,
"CAN","LTUNEMP","TOT","PC_UNEMP","A","2000",11.1891522380591,
"CAN","LTUNEMP","TOT","PC_UNEMP","A","2001",9.42641570133168,
"CAN","LTUNEMP","TOT","PC_UNEMP","A","2002",9.38897168393598,
"CAN","LTUNEMP","TOT","PC_UNEMP","A","2003",9.91404004454789,
"CAN","LTUNEMP","TOT","PC_UNEMP","A","2004",9.50257287514257,
"CAN","LTUNEMP","TOT","PC_UNEMP","A","2005",9.53974140886997,
"CAN","LTUNEMP","TOT","PC_UNEMP","A","2006",8.59307564555668,
"CAN","LTUNEMP","TOT","PC_UNEMP","A","2007",7.0641480268391,
"CAN","LTUNEMP","TOT","PC_UNEMP","A","2008",7.0343649562905,
"CAN","LTUNEMP","TOT","PC_UNEMP","A","2009",7.91416069785874,
"CAN","LTUNEMP","TOT","PC_UNEMP","A","2010",12.1453528033151,
"CAN","LTUNEMP","TOT","PC_UNEMP","A","2011",13.6076655398984,
"CAN","LTUNEMP","TOT","PC_UNEMP","A","2012",12.807619005455,
"CAN","LTUNEMP","TOT","PC_UNEMP","A","2013",12.9294965456005,
"CAN","LTUNEMP","TOT","PC_UNEMP","A","2014",12.9154496752549,
"CAN","LTUNEMP","TOT","PC_UNEMP","A","2015",11.5629670347765,
"CAN","LTUNEMP","TOT","PC_UNEMP","A","2016",11.7015567311613,
"CAN","LTUNEMP","TOT","PC_UNEMP","A","2017",12.103240847094,
"CAN","LTUNEMP","TOT","PC_UNEMP","A","2018",10.0740205476178,
"CAN","LTUNEMP","TOT","PC_UNEMP","A","2019",8.45739336165229,
"CAN","LTUNEMP","TOT","PC_UNEMP","A","2020",5.1393728552248,
"CZE","LTUNEMP","TOT","PC_UNEMP","A","1993",18.4944941323126,
"CZE","LTUNEMP","TOT","PC_UNEMP","A","1994",22.2979847462401,
"CZE","LTUNEMP","TOT","PC_UNEMP","A","1995",31.165207811215,
"CZE","LTUNEMP","TOT","PC_UNEMP","A","1996",31.2509607529892,
"CZE","LTUNEMP","TOT","PC_UNEMP","A","1997",30.5319593026201,
"CZE","LTUNEMP","TOT","PC_UNEMP","A","1998",31.2339013110414,
"CZE","LTUNEMP","TOT","PC_UNEMP","A","1999",37.0974597046132,
"CZE","LTUNEMP","TOT","PC_UNEMP","A","2000",48.7681097071671,
"CZE","LTUNEMP","TOT","PC_UNEMP","A","2001",52.7408620201618,
"CZE","LTUNEMP","TOT","PC_UNEMP","A","2002",50.7306378899457,
"CZE","LTUNEMP","TOT","PC_UNEMP","A","2003",49.9271722752386,
"CZE","LTUNEMP","TOT","PC_UNEMP","A","2004",51.8217956860255,
"CZE","LTUNEMP","TOT","PC_UNEMP","A","2005",53.5831016147129,
"CZE","LTUNEMP","TOT","PC_UNEMP","A","2006",55.2043208004442,
"CZE","LTUNEMP","TOT","PC_UNEMP","A","2007",53.3852517451896,
"CZE","LTUNEMP","TOT","PC_UNEMP","A","2008",50.2131483552589,
"CZE","LTUNEMP","TOT","PC_UNEMP","A","2009",31.1686332966358,
"CZE","LTUNEMP","TOT","PC_UNEMP","A","2010",43.3306202012556,
"CZE","LTUNEMP","TOT","PC_UNEMP","A","2011",41.5613934280061,
"CZE","LTUNEMP","TOT","PC_UNEMP","A","2012",43.4091240952995,
"CZE","LTUNEMP","TOT","PC_UNEMP","A","2013",44.9416031759313,
"CZE","LTUNEMP","TOT","PC_UNEMP","A","2014",44.5426050999003,
"CZE","LTUNEMP","TOT","PC_UNEMP","A","2015",48.3118568513511,
"CZE","LTUNEMP","TOT","PC_UNEMP","A","2016",43.2464528302013,
"CZE","LTUNEMP","TOT","PC_UNEMP","A","2017",35.9833041743798,
"CZE","LTUNEMP","TOT","PC_UNEMP","A","2018",31.7416558768664,
"CZE","LTUNEMP","TOT","PC_UNEMP","A","2019",30.2626266216064,
"CZE","LTUNEMP","TOT","PC_UNEMP","A","2020",22.257991415924,
"DNK","LTUNEMP","TOT","PC_UNEMP","A","1983",44.3222003929273,
"DNK","LTUNEMP","TOT","PC_UNEMP","A","1984",32.9087048832272,
"DNK","LTUNEMP","TOT","PC_UNEMP","A","1985",34.4324069712671,
"DNK","LTUNEMP","TOT","PC_UNEMP","A","1986",28.3282674772036,
"DNK","LTUNEMP","TOT","PC_UNEMP","A","1987",24.8638838475499,
"DNK","LTUNEMP","TOT","PC_UNEMP","A","1988",24.4762954796031,
"DNK","LTUNEMP","TOT","PC_UNEMP","A","1989",22.1282279608192,
"DNK","LTUNEMP","TOT","PC_UNEMP","A","1990",29.8947368421053,
"DNK","LTUNEMP","TOT","PC_UNEMP","A","1991",31.9214478244128,
"DNK","LTUNEMP","TOT","PC_UNEMP","A","1992",27.0145817344589,
"DNK","LTUNEMP","TOT","PC_UNEMP","A","1993",25.1960784313725,
"DNK","LTUNEMP","TOT","PC_UNEMP","A","1994",32.128497027904,
"DNK","LTUNEMP","TOT","PC_UNEMP","A","1995",27.9470103528894,
"DNK","LTUNEMP","TOT","PC_UNEMP","A","1996",26.5254005517433,
"DNK","LTUNEMP","TOT","PC_UNEMP","A","1997",27.1778359616163,
"DNK","LTUNEMP","TOT","PC_UNEMP","A","1998",26.9392964855487,
"DNK","LTUNEMP","TOT","PC_UNEMP","A","1999",20.479400942614,
"DNK","LTUNEMP","TOT","PC_UNEMP","A","2000",21.7383151005031,
"DNK","LTUNEMP","TOT","PC_UNEMP","A","2001",19.6911280060203,
"DNK","LTUNEMP","TOT","PC_UNEMP","A","2002",19.1145875742693,
"DNK","LTUNEMP","TOT","PC_UNEMP","A","2003",20.4230086005522,
"DNK","LTUNEMP","TOT","PC_UNEMP","A","2004",21.4643982346751,
"DNK","LTUNEMP","TOT","PC_UNEMP","A","2005",23.4218507131471,
"DNK","LTUNEMP","TOT","PC_UNEMP","A","2006",20.8180444665775,
"DNK","LTUNEMP","TOT","PC_UNEMP","A","2007",16.1381417453159,
"DNK","LTUNEMP","TOT","PC_UNEMP","A","2008",13.4968220895483,
"DNK","LTUNEMP","TOT","PC_UNEMP","A","2009",9.49462443791994,
"DNK","LTUNEMP","TOT","PC_UNEMP","A","2010",20.2099558093418,
"DNK","LTUNEMP","TOT","PC_UNEMP","A","2011",24.3696750927212,
"DNK","LTUNEMP","TOT","PC_UNEMP","A","2012",28.0190014389714,
"DNK","LTUNEMP","TOT","PC_UNEMP","A","2013",25.4682173949437,
"DNK","LTUNEMP","TOT","PC_UNEMP","A","2014",25.1631614430659,
"DNK","LTUNEMP","TOT","PC_UNEMP","A","2015",26.8948355423937,
"DNK","LTUNEMP","TOT","PC_UNEMP","A","2016",20.7428362011275,
"DNK","LTUNEMP","TOT","PC_UNEMP","A","2017",20.864936553904,
"DNK","LTUNEMP","TOT","PC_UNEMP","A","2018",19.411513142013,
"DNK","LTUNEMP","TOT","PC_UNEMP","A","2019",16.6137459505713,
"DNK","LTUNEMP","TOT","PC_UNEMP","A","2020",16.7251281003337,
"FIN","LTUNEMP","TOT","PC_UNEMP","A","1980",27,
"FIN","LTUNEMP","TOT","PC_UNEMP","A","1982",22.3004694835681,
"FIN","LTUNEMP","TOT","PC_UNEMP","A","1983",19.8405668733392,
"FIN","LTUNEMP","TOT","PC_UNEMP","A","1984",22.2862632084534,
"FIN","LTUNEMP","TOT","PC_UNEMP","A","1985",21.1267605633803,
"FIN","LTUNEMP","TOT","PC_UNEMP","A","1986",16.0245183887916,
"FIN","LTUNEMP","TOT","PC_UNEMP","A","1987",18.9697465249387,
"FIN","LTUNEMP","TOT","PC_UNEMP","A","1989",1.51515151515152,
"FIN","LTUNEMP","TOT","PC_UNEMP","A","1991",9.20502092050209,
"FIN","LTUNEMP","TOT","PC_UNEMP","A","1993",30.6026163414111,
"FIN","LTUNEMP","TOT","PC_UNEMP","A","1995",37.5690607734807,
"FIN","LTUNEMP","TOT","PC_UNEMP","A","1996",34.5454545454545,
"FIN","LTUNEMP","TOT","PC_UNEMP","A","1997",29.7752808988764,
"FIN","LTUNEMP","TOT","PC_UNEMP","A","1998",27.5,
"FIN","LTUNEMP","TOT","PC_UNEMP","A","1999",29.6,
"FIN","LTUNEMP","TOT","PC_UNEMP","A","2000",29.045643153527,
"FIN","LTUNEMP","TOT","PC_UNEMP","A","2001",26.1849976990336,
"FIN","LTUNEMP","TOT","PC_UNEMP","A","2002",24.3891603731675,
"FIN","LTUNEMP","TOT","PC_UNEMP","A","2003",24.7079964061096,
"FIN","LTUNEMP","TOT","PC_UNEMP","A","2004",23.4188817598533,
"FIN","LTUNEMP","TOT","PC_UNEMP","A","2005",24.8792270531401,
"FIN","LTUNEMP","TOT","PC_UNEMP","A","2006",24.82088024565,
"FIN","LTUNEMP","TOT","PC_UNEMP","A","2007",22.9707344008835,
"FIN","LTUNEMP","TOT","PC_UNEMP","A","2008",18.1657848324515,
"FIN","LTUNEMP","TOT","PC_UNEMP","A","2009",16.628701594533,
"FIN","LTUNEMP","TOT","PC_UNEMP","A","2010",23.6036036036036,
"FIN","LTUNEMP","TOT","PC_UNEMP","A","2011",22.6433430515063,
"FIN","LTUNEMP","TOT","PC_UNEMP","A","2012",21.6772927905836,
"FIN","LTUNEMP","TOT","PC_UNEMP","A","2013",21.1938916560833,
"FIN","LTUNEMP","TOT","PC_UNEMP","A","2014",23.076923257276,
"FIN","LTUNEMP","TOT","PC_UNEMP","A","2015",25.0805154547946,
"FIN","LTUNEMP","TOT","PC_UNEMP","A","2016",26.5670310387479,
"FIN","LTUNEMP","TOT","PC_UNEMP","A","2017",24.8628814577521,
"FIN","LTUNEMP","TOT","PC_UNEMP","A","2018",22.7557021082779,
"FIN","LTUNEMP","TOT","PC_UNEMP","A","2019",18.4881801275982,
"FIN","LTUNEMP","TOT","PC_UNEMP","A","2020",15.9032807406754,
"FRA","LTUNEMP","TOT","PC_UNEMP","A","1975",17.0670118816412,
"FRA","LTUNEMP","TOT","PC_UNEMP","A","1976",24.6625102194705,
"FRA","LTUNEMP","TOT","PC_UNEMP","A","1977",25.2096112114797,
"FRA","LTUNEMP","TOT","PC_UNEMP","A","1978",31.0351701779736,
"FRA","LTUNEMP","TOT","PC_UNEMP","A","1979",33.1033067542357,
"FRA","LTUNEMP","TOT","PC_UNEMP","A","1980",35.1255949079565,
"FRA","LTUNEMP","TOT","PC_UNEMP","A","1981",35.5186947614281,
"FRA","LTUNEMP","TOT","PC_UNEMP","A","1982",36.1619982445105,
"FRA","LTUNEMP","TOT","PC_UNEMP","A","1983",39.3477600866737,
"FRA","LTUNEMP","TOT","PC_UNEMP","A","1984",39.3148175524027,
"FRA","LTUNEMP","TOT","PC_UNEMP","A","1985",43.7430893903795,
"FRA","LTUNEMP","TOT","PC_UNEMP","A","1986",44.2185562213616,
"FRA","LTUNEMP","TOT","PC_UNEMP","A","1987",45.3119193055584,
"FRA","LTUNEMP","TOT","PC_UNEMP","A","1988",44.6209056782854,
"FRA","LTUNEMP","TOT","PC_UNEMP","A","1989",43.6717380906395,
"FRA","LTUNEMP","TOT","PC_UNEMP","A","1990",38.0764749531436,
"FRA","LTUNEMP","TOT","PC_UNEMP","A","1991",37.2502754750025,
"FRA","LTUNEMP","TOT","PC_UNEMP","A","1992",36.2369166709532,
"FRA","LTUNEMP","TOT","PC_UNEMP","A","1993",34.2395310893248,
"FRA","LTUNEMP","TOT","PC_UNEMP","A","1994",38.4590915163647,
"FRA","LTUNEMP","TOT","PC_UNEMP","A","1995",42.4628580650201,
"FRA","LTUNEMP","TOT","PC_UNEMP","A","1996",39.6149913668878,
"FRA","LTUNEMP","TOT","PC_UNEMP","A","1997",41.3950626212269,
"FRA","LTUNEMP","TOT","PC_UNEMP","A","1998",44.2204935677034,
"FRA","LTUNEMP","TOT","PC_UNEMP","A","1999",40.4420326672825,
"FRA","LTUNEMP","TOT","PC_UNEMP","A","2000",42.5555602184832,
"FRA","LTUNEMP","TOT","PC_UNEMP","A","2001",37.5904323573223,
"FRA","LTUNEMP","TOT","PC_UNEMP","A","2002",33.7608279061075,
"FRA","LTUNEMP","TOT","PC_UNEMP","A","2003",40.5400264758752,
"FRA","LTUNEMP","TOT","PC_UNEMP","A","2004",40.3265084170612,
"FRA","LTUNEMP","TOT","PC_UNEMP","A","2005",40.8293459749632,
"FRA","LTUNEMP","TOT","PC_UNEMP","A","2006",41.8254497292481,
"FRA","LTUNEMP","TOT","PC_UNEMP","A","2007",39.9462627177922,
"FRA","LTUNEMP","TOT","PC_UNEMP","A","2008",37.368283042694,
"FRA","LTUNEMP","TOT","PC_UNEMP","A","2009",35.0997532977145,
"FRA","LTUNEMP","TOT","PC_UNEMP","A","2010",40.0639314972884,
"FRA","LTUNEMP","TOT","PC_UNEMP","A","2011",41.1625984757296,
"FRA","LTUNEMP","TOT","PC_UNEMP","A","2012",40.3266524842623,
"FRA","LTUNEMP","TOT","PC_UNEMP","A","2013",40.4789779438116,
"FRA","LTUNEMP","TOT","PC_UNEMP","A","2014",42.6506447802615,
"FRA","LTUNEMP","TOT","PC_UNEMP","A","2015",42.810332386738,
"FRA","LTUNEMP","TOT","PC_UNEMP","A","2016",44.3914681587735,
"FRA","LTUNEMP","TOT","PC_UNEMP","A","2017",44.0315658977647,
"FRA","LTUNEMP","TOT","PC_UNEMP","A","2018",40.4071268557429,
"FRA","LTUNEMP","TOT","PC_UNEMP","A","2019",38.8331267111713,
"FRA","LTUNEMP","TOT","PC_UNEMP","A","2020",36.7497851718855,
"DEU","LTUNEMP","TOT","PC_UNEMP","A","1983",41.6480322003578,
"DEU","LTUNEMP","TOT","PC_UNEMP","A","1984",44.4766817107243,
"DEU","LTUNEMP","TOT","PC_UNEMP","A","1985",47.8296859640954,
"DEU","LTUNEMP","TOT","PC_UNEMP","A","1986",48.2675906183369,
"DEU","LTUNEMP","TOT","PC_UNEMP","A","1987",48.1506250321519,
"DEU","LTUNEMP","TOT","PC_UNEMP","A","1988",46.2091682679111,
"DEU","LTUNEMP","TOT","PC_UNEMP","A","1989",49.0906901120077,
"DEU","LTUNEMP","TOT","PC_UNEMP","A","1990",46.7623968328524,
"DEU","LTUNEMP","TOT","PC_UNEMP","A","1991",31.5540996242413,
"DEU","LTUNEMP","TOT","PC_UNEMP","A","1992",33.4574620452592,
"DEU","LTUNEMP","TOT","PC_UNEMP","A","1993",40.3082295269113,
"DEU","LTUNEMP","TOT","PC_UNEMP","A","1994",44.2701079361188,
"DEU","LTUNEMP","TOT","PC_UNEMP","A","1995",48.6652319423022,
"DEU","LTUNEMP","TOT","PC_UNEMP","A","1996",47.8357772932777,
"DEU","LTUNEMP","TOT","PC_UNEMP","A","1997",50.1445088535066,
"DEU","LTUNEMP","TOT","PC_UNEMP","A","1998",52.5610572771485,
"DEU","LTUNEMP","TOT","PC_UNEMP","A","1999",51.7452764604124,
"DEU","LTUNEMP","TOT","PC_UNEMP","A","2000",51.4770609739572,
"DEU","LTUNEMP","TOT","PC_UNEMP","A","2001",50.4108694833952,
"DEU","LTUNEMP","TOT","PC_UNEMP","A","2002",47.8472674105791,
"DEU","LTUNEMP","TOT","PC_UNEMP","A","2003",50.0011287338527,
"DEU","LTUNEMP","TOT","PC_UNEMP","A","2004",51.8332523862495,
"DEU","LTUNEMP","TOT","PC_UNEMP","A","2005",52.9804298126553,
"DEU","LTUNEMP","TOT","PC_UNEMP","A","2006",56.3817887323202,
"DEU","LTUNEMP","TOT","PC_UNEMP","A","2007",56.5799497516088,
"DEU","LTUNEMP","TOT","PC_UNEMP","A","2008",52.5163081748484,
"DEU","LTUNEMP","TOT","PC_UNEMP","A","2009",45.4840489926508,
"DEU","LTUNEMP","TOT","PC_UNEMP","A","2010",47.2761364077684,
"DEU","LTUNEMP","TOT","PC_UNEMP","A","2011",47.87888791399,
"DEU","LTUNEMP","TOT","PC_UNEMP","A","2012",45.3649899266661,
"DEU","LTUNEMP","TOT","PC_UNEMP","A","2013",44.6558856277697,
"DEU","LTUNEMP","TOT","PC_UNEMP","A","2014",44.3361601446699,
"DEU","LTUNEMP","TOT","PC_UNEMP","A","2015",43.979661278642,
"DEU","LTUNEMP","TOT","PC_UNEMP","A","2016",41.0868713027012,
"DEU","LTUNEMP","TOT","PC_UNEMP","A","2017",41.9107707198999,
"DEU","LTUNEMP","TOT","PC_UNEMP","A","2018",41.3501936646861,
"DEU","LTUNEMP","TOT","PC_UNEMP","A","2019",38.1583743834405,
"GRC","LTUNEMP","TOT","PC_UNEMP","A","1983",33.3109469442579,
"GRC","LTUNEMP","TOT","PC_UNEMP","A","1984",37.5240538806928,
"GRC","LTUNEMP","TOT","PC_UNEMP","A","1985",43.8428524265434,
"GRC","LTUNEMP","TOT","PC_UNEMP","A","1986",42.4912280701754,
"GRC","LTUNEMP","TOT","PC_UNEMP","A","1987",44.4327362135581,
"GRC","LTUNEMP","TOT","PC_UNEMP","A","1988",46.1513049223654,
"GRC","LTUNEMP","TOT","PC_UNEMP","A","1989",50.3731343283582,
"GRC","LTUNEMP","TOT","PC_UNEMP","A","1990",49.8216833095578,
"GRC","LTUNEMP","TOT","PC_UNEMP","A","1991",47.7030625832224,
"GRC","LTUNEMP","TOT","PC_UNEMP","A","1992",49.5987158908507,
"GRC","LTUNEMP","TOT","PC_UNEMP","A","1993",50.911933298593,
"GRC","LTUNEMP","TOT","PC_UNEMP","A","1994",50.4537083875855,
"GRC","LTUNEMP","TOT","PC_UNEMP","A","1995",51.4156856544363,
"GRC","LTUNEMP","TOT","PC_UNEMP","A","1996",56.6825161648092,
"GRC","LTUNEMP","TOT","PC_UNEMP","A","1997",55.684785719033,
"GRC","LTUNEMP","TOT","PC_UNEMP","A","1998",54.8662924694828,
"GRC","LTUNEMP","TOT","PC_UNEMP","A","1999",55.3012991714821,
"GRC","LTUNEMP","TOT","PC_UNEMP","A","2000",54.7496796840773,
"GRC","LTUNEMP","TOT","PC_UNEMP","A","2001",51.3379020133798,
"GRC","LTUNEMP","TOT","PC_UNEMP","A","2002",51.0957432898928,
"GRC","LTUNEMP","TOT","PC_UNEMP","A","2003",54.6565998968374,
"GRC","LTUNEMP","TOT","PC_UNEMP","A","2004",52.8617614463601,
"GRC","LTUNEMP","TOT","PC_UNEMP","A","2005",51.9045455836219,
"GRC","LTUNEMP","TOT","PC_UNEMP","A","2006",54.1309039698047,
"GRC","LTUNEMP","TOT","PC_UNEMP","A","2007",49.6919997250912,
"GRC","LTUNEMP","TOT","PC_UNEMP","A","2008",47.0939062809745,
"GRC","LTUNEMP","TOT","PC_UNEMP","A","2009",40.3507986457132,
"GRC","LTUNEMP","TOT","PC_UNEMP","A","2010",44.5990699152689,
"GRC","LTUNEMP","TOT","PC_UNEMP","A","2011",49.3312769097787,
"GRC","LTUNEMP","TOT","PC_UNEMP","A","2012",59.0868682750156,
"GRC","LTUNEMP","TOT","PC_UNEMP","A","2013",67.104477784953,
"GRC","LTUNEMP","TOT","PC_UNEMP","A","2014",73.4999386968277,
"GRC","LTUNEMP","TOT","PC_UNEMP","A","2015",73.1126652062502,
"GRC","LTUNEMP","TOT","PC_UNEMP","A","2016",71.9660924705539,
"GRC","LTUNEMP","TOT","PC_UNEMP","A","2017",72.7519257626143,
"GRC","LTUNEMP","TOT","PC_UNEMP","A","2018",70.3467394725231,
"GRC","LTUNEMP","TOT","PC_UNEMP","A","2019",70.1385816926823,
"GRC","LTUNEMP","TOT","PC_UNEMP","A","2020",66.5055580488692,
"HUN","LTUNEMP","TOT","PC_UNEMP","A","1992",20.4434051355848,
"HUN","LTUNEMP","TOT","PC_UNEMP","A","1993",33.4881390553639,
"HUN","LTUNEMP","TOT","PC_UNEMP","A","1994",41.2923035845404,
"HUN","LTUNEMP","TOT","PC_UNEMP","A","1995",50.6310667621706,
"HUN","LTUNEMP","TOT","PC_UNEMP","A","1996",54.4329525573737,
"HUN","LTUNEMP","TOT","PC_UNEMP","A","1997",51.3085818624468,
"HUN","LTUNEMP","TOT","PC_UNEMP","A","1998",50.0797225857995,
"HUN","LTUNEMP","TOT","PC_UNEMP","A","1999",49.4004535592484,
"HUN","LTUNEMP","TOT","PC_UNEMP","A","2000",48.9418822021591,
"HUN","LTUNEMP","TOT","PC_UNEMP","A","2001",46.4743671886346,
"HUN","LTUNEMP","TOT","PC_UNEMP","A","2002",44.7585389649816,
"HUN","LTUNEMP","TOT","PC_UNEMP","A","2003",42.2243309460217,
"HUN","LTUNEMP","TOT","PC_UNEMP","A","2004",45.1132665609591,
"HUN","LTUNEMP","TOT","PC_UNEMP","A","2005",46.0601603739372,
"HUN","LTUNEMP","TOT","PC_UNEMP","A","2006",46.2726008199605,
"HUN","LTUNEMP","TOT","PC_UNEMP","A","2007",47.497348206878,
"HUN","LTUNEMP","TOT","PC_UNEMP","A","2008",47.3291327320265,
"HUN","LTUNEMP","TOT","PC_UNEMP","A","2009",42.4381384511748,
"HUN","LTUNEMP","TOT","PC_UNEMP","A","2010",50.2693733819795,
"HUN","LTUNEMP","TOT","PC_UNEMP","A","2011",48.799090246062,
"HUN","LTUNEMP","TOT","PC_UNEMP","A","2012",46.5536479185163,
"HUN","LTUNEMP","TOT","PC_UNEMP","A","2013",49.801486995624,
"HUN","LTUNEMP","TOT","PC_UNEMP","A","2014",48.8975298323325,
"HUN","LTUNEMP","TOT","PC_UNEMP","A","2015",46.702225588438,
"HUN","LTUNEMP","TOT","PC_UNEMP","A","2016",47.315898228303,
"HUN","LTUNEMP","TOT","PC_UNEMP","A","2017",41.3231719744653,
"HUN","LTUNEMP","TOT","PC_UNEMP","A","2018",39.4893544874372,
"HUN","LTUNEMP","TOT","PC_UNEMP","A","2019",32.8483784685415,
"HUN","LTUNEMP","TOT","PC_UNEMP","A","2020",27.214691427454,
"ISL","LTUNEMP","TOT","PC_UNEMP","A","1991",6.73475901691669,
"ISL","LTUNEMP","TOT","PC_UNEMP","A","1992",6.83446272991287,
"ISL","LTUNEMP","TOT","PC_UNEMP","A","1993",12.200259235256,
"ISL","LTUNEMP","TOT","PC_UNEMP","A","1994",15.0669324978639,
"ISL","LTUNEMP","TOT","PC_UNEMP","A","1995",16.8091168091168,
"ISL","LTUNEMP","TOT","PC_UNEMP","A","1996",19.8338936128139,
"ISL","LTUNEMP","TOT","PC_UNEMP","A","1997",16.3138977635783,
"ISL","LTUNEMP","TOT","PC_UNEMP","A","1998",16.0690918607694,
"ISL","LTUNEMP","TOT","PC_UNEMP","A","1999",11.744145403705,
"ISL","LTUNEMP","TOT","PC_UNEMP","A","2000",11.8018018018018,
"ISL","LTUNEMP","TOT","PC_UNEMP","A","2001",12.5073227885179,
"ISL","LTUNEMP","TOT","PC_UNEMP","A","2002",11.0791366906475,
"ISL","LTUNEMP","TOT","PC_UNEMP","A","2003",8.59188550805895,
"ISL","LTUNEMP","TOT","PC_UNEMP","A","2004",11.6938040837399,
"ISL","LTUNEMP","TOT","PC_UNEMP","A","2005",13.3505153834451,
"ISL","LTUNEMP","TOT","PC_UNEMP","A","2006",8.059774776258,
"ISL","LTUNEMP","TOT","PC_UNEMP","A","2007",9.71190971513825,
"ISL","LTUNEMP","TOT","PC_UNEMP","A","2008",4.5891783986527,
"ISL","LTUNEMP","TOT","PC_UNEMP","A","2009",7.06005546644373,
"ISL","LTUNEMP","TOT","PC_UNEMP","A","2010",21.2620848330019,
"ISL","LTUNEMP","TOT","PC_UNEMP","A","2011",28.0870692444643,
"ISL","LTUNEMP","TOT","PC_UNEMP","A","2012",28.1787586489568,
"ISL","LTUNEMP","TOT","PC_UNEMP","A","2013",21.8673968945657,
"ISL","LTUNEMP","TOT","PC_UNEMP","A","2014",14.6496119100337,
"ISL","LTUNEMP","TOT","PC_UNEMP","A","2015",16.1489866213857,
"ISL","LTUNEMP","TOT","PC_UNEMP","A","2016",8.90350098356296,
"ISL","LTUNEMP","TOT","PC_UNEMP","A","2017",10.2577409011085,
"ISL","LTUNEMP","TOT","PC_UNEMP","A","2018",13.6362688720326,
"ISL","LTUNEMP","TOT","PC_UNEMP","A","2019",7.50871783132085,
"ISL","LTUNEMP","TOT","PC_UNEMP","A","2020",10.4105103670417,
"IRL","LTUNEMP","TOT","PC_UNEMP","A","1983",36.6754617414248,
"IRL","LTUNEMP","TOT","PC_UNEMP","A","1984",45.7643161381921,
"IRL","LTUNEMP","TOT","PC_UNEMP","A","1985",63.3913043478261,
"IRL","LTUNEMP","TOT","PC_UNEMP","A","1986",63.9435414884517,
"IRL","LTUNEMP","TOT","PC_UNEMP","A","1987",64.6635632670334,
"IRL","LTUNEMP","TOT","PC_UNEMP","A","1988",64.3390425999122,
"IRL","LTUNEMP","TOT","PC_UNEMP","A","1989",66.022232962784,
"IRL","LTUNEMP","TOT","PC_UNEMP","A","1990",65.979381443299,
"IRL","LTUNEMP","TOT","PC_UNEMP","A","1991",61.5494978479197,
"IRL","LTUNEMP","TOT","PC_UNEMP","A","1992",58.7644399799096,
"IRL","LTUNEMP","TOT","PC_UNEMP","A","1993",59.1283854895413,
"IRL","LTUNEMP","TOT","PC_UNEMP","A","1994",64.3428988948836,
"IRL","LTUNEMP","TOT","PC_UNEMP","A","1995",61.6378795921008,
"IRL","LTUNEMP","TOT","PC_UNEMP","A","1996",59.503032460876,
"IRL","LTUNEMP","TOT","PC_UNEMP","A","1997",56.9712408355817,
"IRL","LTUNEMP","TOT","PC_UNEMP","A","1999",55.3076711795359,
"IRL","LTUNEMP","TOT","PC_UNEMP","A","2000",37.290632532679,
"IRL","LTUNEMP","TOT","PC_UNEMP","A","2001",32.8056635507104,
"IRL","LTUNEMP","TOT","PC_UNEMP","A","2002",30.1491223255464,
"IRL","LTUNEMP","TOT","PC_UNEMP","A","2003",32.7609182671022,
"IRL","LTUNEMP","TOT","PC_UNEMP","A","2004",34.9410051989213,
"IRL","LTUNEMP","TOT","PC_UNEMP","A","2005",33.3709767298009,
"IRL","LTUNEMP","TOT","PC_UNEMP","A","2006",31.568114019834,
"IRL","LTUNEMP","TOT","PC_UNEMP","A","2007",30.0278057458292,
"IRL","LTUNEMP","TOT","PC_UNEMP","A","2008",26.5256032628009,
"IRL","LTUNEMP","TOT","PC_UNEMP","A","2009",29.0808705158618,
"IRL","LTUNEMP","TOT","PC_UNEMP","A","2010",49.1229766449962,
"IRL","LTUNEMP","TOT","PC_UNEMP","A","2011",59.3205923435599,
"IRL","LTUNEMP","TOT","PC_UNEMP","A","2012",61.7357376209946,
"IRL","LTUNEMP","TOT","PC_UNEMP","A","2013",60.5931155363945,
"IRL","LTUNEMP","TOT","PC_UNEMP","A","2014",59.2170065991415,
"IRL","LTUNEMP","TOT","PC_UNEMP","A","2015",57.5728141967873,
"IRL","LTUNEMP","TOT","PC_UNEMP","A","2016",52.2894736386641,
"IRL","LTUNEMP","TOT","PC_UNEMP","A","2017",46.456689867155,
"IRL","LTUNEMP","TOT","PC_UNEMP","A","2018",37.5912098678011,
"IRL","LTUNEMP","TOT","PC_UNEMP","A","2019",33.2762818095594,
"IRL","LTUNEMP","TOT","PC_UNEMP","A","2020",24.0207405860386,
"ITA","LTUNEMP","TOT","PC_UNEMP","A","1983",58.2326764144946,
"ITA","LTUNEMP","TOT","PC_UNEMP","A","1984",63.8287797717695,
"ITA","LTUNEMP","TOT","PC_UNEMP","A","1985",66.2965565706254,
"ITA","LTUNEMP","TOT","PC_UNEMP","A","1986",67.0591614014934,
"ITA","LTUNEMP","TOT","PC_UNEMP","A","1987",66.2912731089045,
"ITA","LTUNEMP","TOT","PC_UNEMP","A","1988",68.6931730621051,
"ITA","LTUNEMP","TOT","PC_UNEMP","A","1989",69.5062885712054,
"ITA","LTUNEMP","TOT","PC_UNEMP","A","1990",69.8197806024726,
"ITA","LTUNEMP","TOT","PC_UNEMP","A","1991",68.0750590282093,
"ITA","LTUNEMP","TOT","PC_UNEMP","A","1992",58.1974762825827,
"ITA","LTUNEMP","TOT","PC_UNEMP","A","1993",57.6971160063801,
"ITA","LTUNEMP","TOT","PC_UNEMP","A","1994",61.4756178051885,
"ITA","LTUNEMP","TOT","PC_UNEMP","A","1995",63.5551765811298,
"ITA","LTUNEMP","TOT","PC_UNEMP","A","1996",65.6447415512775,
"ITA","LTUNEMP","TOT","PC_UNEMP","A","1997",66.3450372531417,
"ITA","LTUNEMP","TOT","PC_UNEMP","A","1998",59.5840505377122,
"ITA","LTUNEMP","TOT","PC_UNEMP","A","1999",61.3766517636108,
"ITA","LTUNEMP","TOT","PC_UNEMP","A","2000",61.7730500943487,
"ITA","LTUNEMP","TOT","PC_UNEMP","A","2001",62.1666849741553,
"ITA","LTUNEMP","TOT","PC_UNEMP","A","2002",59.5811246993152,
"ITA","LTUNEMP","TOT","PC_UNEMP","A","2003",58.1094001700922,
"ITA","LTUNEMP","TOT","PC_UNEMP","A","2004",49.008955294129,
"ITA","LTUNEMP","TOT","PC_UNEMP","A","2005",49.7593773959719,
"ITA","LTUNEMP","TOT","PC_UNEMP","A","2006",49.5657128617236,
"ITA","LTUNEMP","TOT","PC_UNEMP","A","2007",47.4923467435121,
"ITA","LTUNEMP","TOT","PC_UNEMP","A","2008",45.7258431579328,
"ITA","LTUNEMP","TOT","PC_UNEMP","A","2009",44.5994500738066,
"ITA","LTUNEMP","TOT","PC_UNEMP","A","2010",48.4698469984502,
"ITA","LTUNEMP","TOT","PC_UNEMP","A","2011",51.9718369897862,
"ITA","LTUNEMP","TOT","PC_UNEMP","A","2012",53.1597196322828,
"ITA","LTUNEMP","TOT","PC_UNEMP","A","2013",56.9375111562128,
"ITA","LTUNEMP","TOT","PC_UNEMP","A","2014",61.3988836488865,
"ITA","LTUNEMP","TOT","PC_UNEMP","A","2015",58.924922850695,
"ITA","LTUNEMP","TOT","PC_UNEMP","A","2016",58.3216443475956,
"ITA","LTUNEMP","TOT","PC_UNEMP","A","2017",58.7792885660486,
"ITA","LTUNEMP","TOT","PC_UNEMP","A","2018",59.0329181620054,
"ITA","LTUNEMP","TOT","PC_UNEMP","A","2019",57.0239432964323,
"ITA","LTUNEMP","TOT","PC_UNEMP","A","2020",52.3974697178519,
"JPN","LTUNEMP","TOT","PC_UNEMP","A","1977",12.5984251968504,
"JPN","LTUNEMP","TOT","PC_UNEMP","A","1978",16.6666666666667,
"JPN","LTUNEMP","TOT","PC_UNEMP","A","1979",16.7883211678832,
"JPN","LTUNEMP","TOT","PC_UNEMP","A","1980",16.5217391304348,
"JPN","LTUNEMP","TOT","PC_UNEMP","A","1981",13.4751773049645,
"JPN","LTUNEMP","TOT","PC_UNEMP","A","1982",12.5,
"JPN","LTUNEMP","TOT","PC_UNEMP","A","1983",12.9032258064516,
"JPN","LTUNEMP","TOT","PC_UNEMP","A","1984",15.0602409638554,
"JPN","LTUNEMP","TOT","PC_UNEMP","A","1985",13.125,
"JPN","LTUNEMP","TOT","PC_UNEMP","A","1986",17.1779141104294,
"JPN","LTUNEMP","TOT","PC_UNEMP","A","1987",20.2185792349727,
"JPN","LTUNEMP","TOT","PC_UNEMP","A","1988",20.2380952380952,
"JPN","LTUNEMP","TOT","PC_UNEMP","A","1989",18.6666666666667,
"JPN","LTUNEMP","TOT","PC_UNEMP","A","1990",19.1489361702128,
"JPN","LTUNEMP","TOT","PC_UNEMP","A","1991",17.910447761194,
"JPN","LTUNEMP","TOT","PC_UNEMP","A","1992",15.9420289855072,
"JPN","LTUNEMP","TOT","PC_UNEMP","A","1993",15.5844155844156,
"JPN","LTUNEMP","TOT","PC_UNEMP","A","1994",17.5257731958763,
"JPN","LTUNEMP","TOT","PC_UNEMP","A","1995",18.0904522613065,
"JPN","LTUNEMP","TOT","PC_UNEMP","A","1996",19.2660550458716,
"JPN","LTUNEMP","TOT","PC_UNEMP","A","1997",21.7777777777778,
"JPN","LTUNEMP","TOT","PC_UNEMP","A","1998",20.3187250996016,
"JPN","LTUNEMP","TOT","PC_UNEMP","A","1999",22.4025974025974,
"JPN","LTUNEMP","TOT","PC_UNEMP","A","2000",25.4658385093168,
"JPN","LTUNEMP","TOT","PC_UNEMP","A","2001",26.5822784810127,
"JPN","LTUNEMP","TOT","PC_UNEMP","A","2002",30.835734870317,
"JPN","LTUNEMP","TOT","PC_UNEMP","A","2003",33.5260115606936,
"JPN","LTUNEMP","TOT","PC_UNEMP","A","2004",33.6601307189542,
"JPN","LTUNEMP","TOT","PC_UNEMP","A","2005",33.3333333333333,
"JPN","LTUNEMP","TOT","PC_UNEMP","A","2006",32.962962962963,
"JPN","LTUNEMP","TOT","PC_UNEMP","A","2007",31.9838056680162,
"JPN","LTUNEMP","TOT","PC_UNEMP","A","2008",33.3333333333333,
"JPN","LTUNEMP","TOT","PC_UNEMP","A","2009",28.5276073619632,
"JPN","LTUNEMP","TOT","PC_UNEMP","A","2010",37.5776397515528,
"JPN","LTUNEMP","TOT","PC_UNEMP","A","2011",39.4160583941606,
"JPN","LTUNEMP","TOT","PC_UNEMP","A","2012",38.4892086330935,
"JPN","LTUNEMP","TOT","PC_UNEMP","A","2013",41.2451361867704,
"JPN","LTUNEMP","TOT","PC_UNEMP","A","2014",37.5545851528384,
"JPN","LTUNEMP","TOT","PC_UNEMP","A","2015",35.5140186915888,
"JPN","LTUNEMP","TOT","PC_UNEMP","A","2016",39.5,
"JPN","LTUNEMP","TOT","PC_UNEMP","A","2017",36.7231638418079,
"JPN","LTUNEMP","TOT","PC_UNEMP","A","2018",31.9526627218935,
"JPN","LTUNEMP","TOT","PC_UNEMP","A","2019",32.2981366459627,
"JPN","LTUNEMP","TOT","PC_UNEMP","A","2020",28.042328042328,
"KOR","LTUNEMP","TOT","PC_UNEMP","A","1990",2.57063421349722,
"KOR","LTUNEMP","TOT","PC_UNEMP","A","1991",4.16275033151913,
"KOR","LTUNEMP","TOT","PC_UNEMP","A","1992",3.78350917243598,
"KOR","LTUNEMP","TOT","PC_UNEMP","A","1993",2.64466888466771,
"KOR","LTUNEMP","TOT","PC_UNEMP","A","1994",5.41035563559089,
"KOR","LTUNEMP","TOT","PC_UNEMP","A","1995",4.4133401889654,
"KOR","LTUNEMP","TOT","PC_UNEMP","A","1996",3.8001584905917,
"KOR","LTUNEMP","TOT","PC_UNEMP","A","1997",2.5678284094041,
"KOR","LTUNEMP","TOT","PC_UNEMP","A","1998",1.45685795057827,
"KOR","LTUNEMP","TOT","PC_UNEMP","A","1999",3.81102482715675,
"KOR","LTUNEMP","TOT","PC_UNEMP","A","2000",2.31154751446276,
"KOR","LTUNEMP","TOT","PC_UNEMP","A","2001",2.30717787921472,
"KOR","LTUNEMP","TOT","PC_UNEMP","A","2002",2.47702758072198,
"KOR","LTUNEMP","TOT","PC_UNEMP","A","2003",0.560428848437882,
"KOR","LTUNEMP","TOT","PC_UNEMP","A","2004",1.11433545715824,
"KOR","LTUNEMP","TOT","PC_UNEMP","A","2005",0.811999533856863,
"KOR","LTUNEMP","TOT","PC_UNEMP","A","2006",1.08838656559681,
"KOR","LTUNEMP","TOT","PC_UNEMP","A","2007",0.569331989395045,
"KOR","LTUNEMP","TOT","PC_UNEMP","A","2008",0.438144337755344,
"KOR","LTUNEMP","TOT","PC_UNEMP","A","2009",0.514426316007549,
"KOR","LTUNEMP","TOT","PC_UNEMP","A","2010",0.314090759171364,
"KOR","LTUNEMP","TOT","PC_UNEMP","A","2011",0.394202903270421,
"KOR","LTUNEMP","TOT","PC_UNEMP","A","2012",0.302700094793559,
"KOR","LTUNEMP","TOT","PC_UNEMP","A","2013",0.395843651939734,
"KOR","LTUNEMP","TOT","PC_UNEMP","A","2014",0.223713649375244,
"KOR","LTUNEMP","TOT","PC_UNEMP","A","2015",0.369079360907054,
"KOR","LTUNEMP","TOT","PC_UNEMP","A","2016",0.931338554987332,
"KOR","LTUNEMP","TOT","PC_UNEMP","A","2017",1.30923302717203,
"KOR","LTUNEMP","TOT","PC_UNEMP","A","2018",1.36054422127668,
"KOR","LTUNEMP","TOT","PC_UNEMP","A","2019",0.911996999434599,
"KOR","LTUNEMP","TOT","PC_UNEMP","A","2020",0.613884635697068,
"LUX","LTUNEMP","TOT","PC_UNEMP","A","1983",35.4166666666667,
"LUX","LTUNEMP","TOT","PC_UNEMP","A","1984",29.4117647058824,
"LUX","LTUNEMP","TOT","PC_UNEMP","A","1985",41.8604651162791,
"LUX","LTUNEMP","TOT","PC_UNEMP","A","1986",31.25,
"LUX","LTUNEMP","TOT","PC_UNEMP","A","1987",40,
"LUX","LTUNEMP","TOT","PC_UNEMP","A","1988",30,
"LUX","LTUNEMP","TOT","PC_UNEMP","A","1989",47.3684210526316,
"LUX","LTUNEMP","TOT","PC_UNEMP","A","1990",47.3684210526316,
"LUX","LTUNEMP","TOT","PC_UNEMP","A","1991",31.25,
"LUX","LTUNEMP","TOT","PC_UNEMP","A","1992",14.2857142857143,
"LUX","LTUNEMP","TOT","PC_UNEMP","A","1993",31.5789473684211,
"LUX","LTUNEMP","TOT","PC_UNEMP","A","1994",29.5670002257166,
"LUX","LTUNEMP","TOT","PC_UNEMP","A","1995",23.231787797505,
"LUX","LTUNEMP","TOT","PC_UNEMP","A","1996",27.5777422828172,
"LUX","LTUNEMP","TOT","PC_UNEMP","A","1997",34.5851570237373,
"LUX","LTUNEMP","TOT","PC_UNEMP","A","1998",31.3004750716321,
"LUX","LTUNEMP","TOT","PC_UNEMP","A","1999",32.3178239747707,
"LUX","LTUNEMP","TOT","PC_UNEMP","A","2000",22.3553329171626,
"LUX","LTUNEMP","TOT","PC_UNEMP","A","2001",28.446752288658,
"LUX","LTUNEMP","TOT","PC_UNEMP","A","2002",27.4312177238039,
"LUX","LTUNEMP","TOT","PC_UNEMP","A","2003",24.7210932255196,
"LUX","LTUNEMP","TOT","PC_UNEMP","A","2004",20.9845074150532,
"LUX","LTUNEMP","TOT","PC_UNEMP","A","2005",26.4367879045503,
"LUX","LTUNEMP","TOT","PC_UNEMP","A","2006",29.5221630652414,
"LUX","LTUNEMP","TOT","PC_UNEMP","A","2007",28.6601256569231,
"LUX","LTUNEMP","TOT","PC_UNEMP","A","2008",32.3652626863344,
"LUX","LTUNEMP","TOT","PC_UNEMP","A","2009",23.0884411237614,
"LUX","LTUNEMP","TOT","PC_UNEMP","A","2010",29.2935551041362,
"LUX","LTUNEMP","TOT","PC_UNEMP","A","2011",28.816241117703,
"LUX","LTUNEMP","TOT","PC_UNEMP","A","2012",30.2912955243002,
"LUX","LTUNEMP","TOT","PC_UNEMP","A","2013",30.4447950475142,
"LUX","LTUNEMP","TOT","PC_UNEMP","A","2014",27.3892476834587,
"LUX","LTUNEMP","TOT","PC_UNEMP","A","2015",28.4266799468093,
"LUX","LTUNEMP","TOT","PC_UNEMP","A","2016",34.9882606144742,
"LUX","LTUNEMP","TOT","PC_UNEMP","A","2017",38.2154348804997,
"LUX","LTUNEMP","TOT","PC_UNEMP","A","2018",24.7218691605596,
"LUX","LTUNEMP","TOT","PC_UNEMP","A","2019",22.7749017007084,
"LUX","LTUNEMP","TOT","PC_UNEMP","A","2020",25.5364147938899,
"MEX","LTUNEMP","TOT","PC_UNEMP","A","1995",1.49555418945676,
"MEX","LTUNEMP","TOT","PC_UNEMP","A","1996",2.20990188977431,
"MEX","LTUNEMP","TOT","PC_UNEMP","A","1997",1.8143734251646,
"MEX","LTUNEMP","TOT","PC_UNEMP","A","1998",0.813414680281439,
"MEX","LTUNEMP","TOT","PC_UNEMP","A","1999",1.50477891426689,
"MEX","LTUNEMP","TOT","PC_UNEMP","A","2000",1.18579933010789,
"MEX","LTUNEMP","TOT","PC_UNEMP","A","2001",0.973923358165635,
"MEX","LTUNEMP","TOT","PC_UNEMP","A","2002",0.896659336849543,
"MEX","LTUNEMP","TOT","PC_UNEMP","A","2003",0.893978445047652,
"MEX","LTUNEMP","TOT","PC_UNEMP","A","2004",1.12176296864385,
"MEX","LTUNEMP","TOT","PC_UNEMP","A","2005",1.84689317906262,
"MEX","LTUNEMP","TOT","PC_UNEMP","A","2006",1.65747766518944,
"MEX","LTUNEMP","TOT","PC_UNEMP","A","2007",1.87146008036149,
"MEX","LTUNEMP","TOT","PC_UNEMP","A","2008",1.57738307418776,
"MEX","LTUNEMP","TOT","PC_UNEMP","A","2009",1.61915120755218,
"MEX","LTUNEMP","TOT","PC_UNEMP","A","2010",1.94045868138387,
"MEX","LTUNEMP","TOT","PC_UNEMP","A","2011",2.10352488970789,
"MEX","LTUNEMP","TOT","PC_UNEMP","A","2012",1.80374875952552,
"MEX","LTUNEMP","TOT","PC_UNEMP","A","2013",1.66574008922116,
"MEX","LTUNEMP","TOT","PC_UNEMP","A","2014",1.63539819143347,
"MEX","LTUNEMP","TOT","PC_UNEMP","A","2015",1.67016995461965,
"MEX","LTUNEMP","TOT","PC_UNEMP","A","2016",1.98565957990445,
"MEX","LTUNEMP","TOT","PC_UNEMP","A","2017",1.95570613778884,
"MEX","LTUNEMP","TOT","PC_UNEMP","A","2018",1.55204622268418,
"MEX","LTUNEMP","TOT","PC_UNEMP","A","2019",1.73997250521615,
"MEX","LTUNEMP","TOT","PC_UNEMP","A","2020",1.39722007544811,
"NLD","LTUNEMP","TOT","PC_UNEMP","A","1983",48.7887151180619,
"NLD","LTUNEMP","TOT","PC_UNEMP","A","1985",59.3921703296703,
"NLD","LTUNEMP","TOT","PC_UNEMP","A","1987",46.518588531821,
"NLD","LTUNEMP","TOT","PC_UNEMP","A","1988",49.078226208271,
"NLD","LTUNEMP","TOT","PC_UNEMP","A","1989",48.0840543881335,
"NLD","LTUNEMP","TOT","PC_UNEMP","A","1990",49.2908490382747,
"NLD","LTUNEMP","TOT","PC_UNEMP","A","1991",46.0735087366941,
"NLD","LTUNEMP","TOT","PC_UNEMP","A","1992",43.912812333865,
"NLD","LTUNEMP","TOT","PC_UNEMP","A","1993",52.366175329713,
"NLD","LTUNEMP","TOT","PC_UNEMP","A","1994",49.3723960141275,
"NLD","LTUNEMP","TOT","PC_UNEMP","A","1995",46.789445202528,
"NLD","LTUNEMP","TOT","PC_UNEMP","A","1996",49.9509521399702,
"NLD","LTUNEMP","TOT","PC_UNEMP","A","1997",49.1204595860181,
"NLD","LTUNEMP","TOT","PC_UNEMP","A","1998",47.8732798688398,
"NLD","LTUNEMP","TOT","PC_UNEMP","A","1999",43.4590210178927,
"NLD","LTUNEMP","TOT","PC_UNEMP","A","2002",26.4663543462615,
"NLD","LTUNEMP","TOT","PC_UNEMP","A","2003",27.7019325999291,
"NLD","LTUNEMP","TOT","PC_UNEMP","A","2004",34.1936619254131,
"NLD","LTUNEMP","TOT","PC_UNEMP","A","2005",40.2237170330719,
"NLD","LTUNEMP","TOT","PC_UNEMP","A","2006",42.9994893735604,
"NLD","LTUNEMP","TOT","PC_UNEMP","A","2007",39.3746336367819,
"NLD","LTUNEMP","TOT","PC_UNEMP","A","2008",34.4081475683246,
"NLD","LTUNEMP","TOT","PC_UNEMP","A","2009",24.7899565099978,
"NLD","LTUNEMP","TOT","PC_UNEMP","A","2010",27.5757981779686,
"NLD","LTUNEMP","TOT","PC_UNEMP","A","2011",33.1888627928371,
"NLD","LTUNEMP","TOT","PC_UNEMP","A","2012",33.5304746095456,
"NLD","LTUNEMP","TOT","PC_UNEMP","A","2013",35.6221017407661,
"NLD","LTUNEMP","TOT","PC_UNEMP","A","2014",39.9073519151373,
"NLD","LTUNEMP","TOT","PC_UNEMP","A","2015",43.5840154792486,
"NLD","LTUNEMP","TOT","PC_UNEMP","A","2016",42.7183683726671,
"NLD","LTUNEMP","TOT","PC_UNEMP","A","2017",40.6777567958995,
"NLD","LTUNEMP","TOT","PC_UNEMP","A","2018",37.9523125201214,
"NLD","LTUNEMP","TOT","PC_UNEMP","A","2019",31.3653104448302,
"NLD","LTUNEMP","TOT","PC_UNEMP","A","2020",23.9722349243809,
"NZL","LTUNEMP","TOT","PC_UNEMP","A","1986",7.9331942598626,
"NZL","LTUNEMP","TOT","PC_UNEMP","A","1987",10.5675146858634,
"NZL","LTUNEMP","TOT","PC_UNEMP","A","1988",13.4846463307633,
"NZL","LTUNEMP","TOT","PC_UNEMP","A","1989",17.4489794820718,
"NZL","LTUNEMP","TOT","PC_UNEMP","A","1990",22.0636662331232,
"NZL","LTUNEMP","TOT","PC_UNEMP","A","1991",24.3226969389159,
"NZL","LTUNEMP","TOT","PC_UNEMP","A","1992",32.372372624876,
"NZL","LTUNEMP","TOT","PC_UNEMP","A","1993",33.7628864971372,
"NZL","LTUNEMP","TOT","PC_UNEMP","A","1994",32.9350261188632,
"NZL","LTUNEMP","TOT","PC_UNEMP","A","1995",25.8405379642844,
"NZL","LTUNEMP","TOT","PC_UNEMP","A","1996",21.1665099193235,
"NZL","LTUNEMP","TOT","PC_UNEMP","A","1997",19.7267292315447,
"NZL","LTUNEMP","TOT","PC_UNEMP","A","1998",19.519519376389,
"NZL","LTUNEMP","TOT","PC_UNEMP","A","1999",21.1442785864028,
"NZL","LTUNEMP","TOT","PC_UNEMP","A","2000",19.8656429881552,
"NZL","LTUNEMP","TOT","PC_UNEMP","A","2001",17.3447538630506,
"NZL","LTUNEMP","TOT","PC_UNEMP","A","2002",14.7629311943375,
"NZL","LTUNEMP","TOT","PC_UNEMP","A","2003",13.6094676344707,
"NZL","LTUNEMP","TOT","PC_UNEMP","A","2004",11.6504855463499,
"NZL","LTUNEMP","TOT","PC_UNEMP","A","2005",9.84308143999836,
"NZL","LTUNEMP","TOT","PC_UNEMP","A","2006",7.64951333283533,
"NZL","LTUNEMP","TOT","PC_UNEMP","A","2007",5.96797682912568,
"NZL","LTUNEMP","TOT","PC_UNEMP","A","2008",4.32632889236786,
"NZL","LTUNEMP","TOT","PC_UNEMP","A","2009",6.41330178050796,
"NZL","LTUNEMP","TOT","PC_UNEMP","A","2010",8.87918495449291,
"NZL","LTUNEMP","TOT","PC_UNEMP","A","2011",8.91445013851941,
"NZL","LTUNEMP","TOT","PC_UNEMP","A","2012",13.2967787805649,
"NZL","LTUNEMP","TOT","PC_UNEMP","A","2013",12.2278056193737,
"NZL","LTUNEMP","TOT","PC_UNEMP","A","2014",13.8288678031617,
"NZL","LTUNEMP","TOT","PC_UNEMP","A","2015",13.8135594539815,
"NZL","LTUNEMP","TOT","PC_UNEMP","A","2016",14.2282959185459,
"NZL","LTUNEMP","TOT","PC_UNEMP","A","2017",15.9372417956424,
"NZL","LTUNEMP","TOT","PC_UNEMP","A","2018",13.5845749887448,
"NZL","LTUNEMP","TOT","PC_UNEMP","A","2019",12.841530163307,
"NZL","LTUNEMP","TOT","PC_UNEMP","A","2020",8.90302074060511,
"NOR","LTUNEMP","TOT","PC_UNEMP","A","1998",13.9281313558436,
"NOR","LTUNEMP","TOT","PC_UNEMP","A","1999",12.6244584692411,
"NOR","LTUNEMP","TOT","PC_UNEMP","A","2000",10.2162364570962,
"NOR","LTUNEMP","TOT","PC_UNEMP","A","2001",11.3581436728998,
"NOR","LTUNEMP","TOT","PC_UNEMP","A","2002",13.7567839499446,
"NOR","LTUNEMP","TOT","PC_UNEMP","A","2003",14.2438996789482,
"NOR","LTUNEMP","TOT","PC_UNEMP","A","2004",18.1468810244068,
"NOR","LTUNEMP","TOT","PC_UNEMP","A","2005",18.6703027895491,
"NOR","LTUNEMP","TOT","PC_UNEMP","A","2006",23.2432489165652,
"NOR","LTUNEMP","TOT","PC_UNEMP","A","2007",18.3941865904774,
"NOR","LTUNEMP","TOT","PC_UNEMP","A","2008",13.1517769985171,
"NOR","LTUNEMP","TOT","PC_UNEMP","A","2009",16.4941777568847,
"NOR","LTUNEMP","TOT","PC_UNEMP","A","2010",20.5572254300562,
"NOR","LTUNEMP","TOT","PC_UNEMP","A","2011",23.7737331228041,
"NOR","LTUNEMP","TOT","PC_UNEMP","A","2012",19.9170149553825,
"NOR","LTUNEMP","TOT","PC_UNEMP","A","2013",20.9461199355462,
"NOR","LTUNEMP","TOT","PC_UNEMP","A","2014",23.053803535704,
"NOR","LTUNEMP","TOT","PC_UNEMP","A","2015",23.8989340003492,
"NOR","LTUNEMP","TOT","PC_UNEMP","A","2016",27.3780222053463,
"NOR","LTUNEMP","TOT","PC_UNEMP","A","2017",29.4327140476575,
"NOR","LTUNEMP","TOT","PC_UNEMP","A","2018",26.9984295750553,
"NOR","LTUNEMP","TOT","PC_UNEMP","A","2019",24.1341813951236,
"NOR","LTUNEMP","TOT","PC_UNEMP","A","2020",20.9417405531163,
"POL","LTUNEMP","TOT","PC_UNEMP","A","1992",34.668388557578,
"POL","LTUNEMP","TOT","PC_UNEMP","A","1993",39.0661533738193,
"POL","LTUNEMP","TOT","PC_UNEMP","A","1994",40.3530368396828,
"POL","LTUNEMP","TOT","PC_UNEMP","A","1995",40.008047210349,
"POL","LTUNEMP","TOT","PC_UNEMP","A","1996",39.0008632760295,
"POL","LTUNEMP","TOT","PC_UNEMP","A","1997",38.0212677231026,
"POL","LTUNEMP","TOT","PC_UNEMP","A","1998",37.4370886566009,
"POL","LTUNEMP","TOT","PC_UNEMP","A","1999",34.7968239140588,
"POL","LTUNEMP","TOT","PC_UNEMP","A","2000",37.8581661891117,
"POL","LTUNEMP","TOT","PC_UNEMP","A","2001",43.0590610802625,
"POL","LTUNEMP","TOT","PC_UNEMP","A","2002",48.413045379033,
"POL","LTUNEMP","TOT","PC_UNEMP","A","2003",49.6740273396425,
"POL","LTUNEMP","TOT","PC_UNEMP","A","2004",47.9115707341239,
"POL","LTUNEMP","TOT","PC_UNEMP","A","2005",52.1623485370899,
"POL","LTUNEMP","TOT","PC_UNEMP","A","2006",50.4415717394087,
"POL","LTUNEMP","TOT","PC_UNEMP","A","2007",45.863453815261,
"POL","LTUNEMP","TOT","PC_UNEMP","A","2008",29.0221341261976,
"POL","LTUNEMP","TOT","PC_UNEMP","A","2009",25.2160974918521,
"POL","LTUNEMP","TOT","PC_UNEMP","A","2010",25.5165727443495,
"POL","LTUNEMP","TOT","PC_UNEMP","A","2011",31.6049680453394,
"POL","LTUNEMP","TOT","PC_UNEMP","A","2012",34.7684391080617,
"POL","LTUNEMP","TOT","PC_UNEMP","A","2013",36.5035980318488,
"POL","LTUNEMP","TOT","PC_UNEMP","A","2014",36.2180102418564,
"POL","LTUNEMP","TOT","PC_UNEMP","A","2015",39.2830828538829,
"POL","LTUNEMP","TOT","PC_UNEMP","A","2016",34.9759021083158,
"POL","LTUNEMP","TOT","PC_UNEMP","A","2017",31.0261589428353,
"POL","LTUNEMP","TOT","PC_UNEMP","A","2018",26.8510531614075,
"POL","LTUNEMP","TOT","PC_UNEMP","A","2019",21.5571675545572,
"POL","LTUNEMP","TOT","PC_UNEMP","A","2020",20.0172892808859,
"PRT","LTUNEMP","TOT","PC_UNEMP","A","1986",53.6518259129565,
"PRT","LTUNEMP","TOT","PC_UNEMP","A","1987",53.9289871944121,
"PRT","LTUNEMP","TOT","PC_UNEMP","A","1988",48.2174373455701,
"PRT","LTUNEMP","TOT","PC_UNEMP","A","1989",45.639771801141,
"PRT","LTUNEMP","TOT","PC_UNEMP","A","1990",44.8643841707426,
"PRT","LTUNEMP","TOT","PC_UNEMP","A","1991",38.7327542156362,
"PRT","LTUNEMP","TOT","PC_UNEMP","A","1992",30.9484193011647,
"PRT","LTUNEMP","TOT","PC_UNEMP","A","1993",43.4718100890208,
"PRT","LTUNEMP","TOT","PC_UNEMP","A","1994",43.3558230817991,
"PRT","LTUNEMP","TOT","PC_UNEMP","A","1995",50.8975606675848,
"PRT","LTUNEMP","TOT","PC_UNEMP","A","1996",53.0994062249525,
"PRT","LTUNEMP","TOT","PC_UNEMP","A","1997",55.5970694848163,
"PRT","LTUNEMP","TOT","PC_UNEMP","A","1998",44.6846575534055,
"PRT","LTUNEMP","TOT","PC_UNEMP","A","1999",41.2063784304275,
"PRT","LTUNEMP","TOT","PC_UNEMP","A","2000",42.2289516884084,
"PRT","LTUNEMP","TOT","PC_UNEMP","A","2001",38.0088162748395,
"PRT","LTUNEMP","TOT","PC_UNEMP","A","2002",34.4638800391041,
"PRT","LTUNEMP","TOT","PC_UNEMP","A","2003",34.9929313330711,
"PRT","LTUNEMP","TOT","PC_UNEMP","A","2004",44.400627143668,
"PRT","LTUNEMP","TOT","PC_UNEMP","A","2005",48.2913593906604,
"PRT","LTUNEMP","TOT","PC_UNEMP","A","2006",50.4424347503957,
"PRT","LTUNEMP","TOT","PC_UNEMP","A","2007",47.1914243851421,
"PRT","LTUNEMP","TOT","PC_UNEMP","A","2008",47.4404057517207,
"PRT","LTUNEMP","TOT","PC_UNEMP","A","2009",44.2052072980461,
"PRT","LTUNEMP","TOT","PC_UNEMP","A","2010",52.2454611291497,
"PRT","LTUNEMP","TOT","PC_UNEMP","A","2011",48.3561029673172,
"PRT","LTUNEMP","TOT","PC_UNEMP","A","2012",48.7731991056466,
"PRT","LTUNEMP","TOT","PC_UNEMP","A","2013",56.3515233842555,
"PRT","LTUNEMP","TOT","PC_UNEMP","A","2014",59.6035083794455,
"PRT","LTUNEMP","TOT","PC_UNEMP","A","2015",57.3693099606563,
"PRT","LTUNEMP","TOT","PC_UNEMP","A","2016",55.3636747603002,
"PRT","LTUNEMP","TOT","PC_UNEMP","A","2017",49.9116666521565,
"PRT","LTUNEMP","TOT","PC_UNEMP","A","2018",43.6951977414418,
"PRT","LTUNEMP","TOT","PC_UNEMP","A","2019",42.6081974288441,
"PRT","LTUNEMP","TOT","PC_UNEMP","A","2020",33.4547074242264,
"SVK","LTUNEMP","TOT","PC_UNEMP","A","1994",42.5518925518926,
"SVK","LTUNEMP","TOT","PC_UNEMP","A","1995",54.1431261770245,
"SVK","LTUNEMP","TOT","PC_UNEMP","A","1996",52.5599713569638,
"SVK","LTUNEMP","TOT","PC_UNEMP","A","1997",51.6028955532575,
"SVK","LTUNEMP","TOT","PC_UNEMP","A","1998",51.309067688378,
"SVK","LTUNEMP","TOT","PC_UNEMP","A","1999",47.6724348038021,
"SVK","LTUNEMP","TOT","PC_UNEMP","A","2000",54.5738695561575,
"SVK","LTUNEMP","TOT","PC_UNEMP","A","2001",53.7175452399685,
"SVK","LTUNEMP","TOT","PC_UNEMP","A","2002",59.8067676811062,
"SVK","LTUNEMP","TOT","PC_UNEMP","A","2003",61.1767910651049,
"SVK","LTUNEMP","TOT","PC_UNEMP","A","2004",60.5699724374642,
"SVK","LTUNEMP","TOT","PC_UNEMP","A","2005",68.0981480268391,
"SVK","LTUNEMP","TOT","PC_UNEMP","A","2006",73.122097632801,
"SVK","LTUNEMP","TOT","PC_UNEMP","A","2007",70.8184078409348,
"SVK","LTUNEMP","TOT","PC_UNEMP","A","2008",66.0007814751548,
"SVK","LTUNEMP","TOT","PC_UNEMP","A","2009",50.9184807377767,
"SVK","LTUNEMP","TOT","PC_UNEMP","A","2010",59.3097562605714,
"SVK","LTUNEMP","TOT","PC_UNEMP","A","2011",63.99983552688,
"SVK","LTUNEMP","TOT","PC_UNEMP","A","2012",63.7477185953939,
"SVK","LTUNEMP","TOT","PC_UNEMP","A","2013",66.5751315412818,
"SVK","LTUNEMP","TOT","PC_UNEMP","A","2014",66.7755701602476,
"SVK","LTUNEMP","TOT","PC_UNEMP","A","2015",62.2726348781467,
"SVK","LTUNEMP","TOT","PC_UNEMP","A","2016",56.6364527647326,
"SVK","LTUNEMP","TOT","PC_UNEMP","A","2017",58.7952444583006,
"SVK","LTUNEMP","TOT","PC_UNEMP","A","2018",58.0558538574642,
"SVK","LTUNEMP","TOT","PC_UNEMP","A","2019",54.9580331447888,
"SVK","LTUNEMP","TOT","PC_UNEMP","A","2020",44.9748397803533,
"ESP","LTUNEMP","TOT","PC_UNEMP","A","1986",58.8349912829453,
"ESP","LTUNEMP","TOT","PC_UNEMP","A","1987",60.674577539016,
"ESP","LTUNEMP","TOT","PC_UNEMP","A","1988",57.5546514033515,
"ESP","LTUNEMP","TOT","PC_UNEMP","A","1989",56.2409544298846,
"ESP","LTUNEMP","TOT","PC_UNEMP","A","1990",51.2646034023365,
"ESP","LTUNEMP","TOT","PC_UNEMP","A","1991",49.2430578788893,
"ESP","LTUNEMP","TOT","PC_UNEMP","A","1992",43.9872944693573,
"ESP","LTUNEMP","TOT","PC_UNEMP","A","1993",46.1536193424738,
"ESP","LTUNEMP","TOT","PC_UNEMP","A","1994",52.6946570375955,
"ESP","LTUNEMP","TOT","PC_UNEMP","A","1995",54.6189720817837,
"ESP","LTUNEMP","TOT","PC_UNEMP","A","1996",52.8954192630497,
"ESP","LTUNEMP","TOT","PC_UNEMP","A","1997",51.7694932876539,
"ESP","LTUNEMP","TOT","PC_UNEMP","A","1998",49.8784350524706,
"ESP","LTUNEMP","TOT","PC_UNEMP","A","1999",46.304187349583,
"ESP","LTUNEMP","TOT","PC_UNEMP","A","2000",41.7071575668138,
"ESP","LTUNEMP","TOT","PC_UNEMP","A","2001",36.1024833570041,
"ESP","LTUNEMP","TOT","PC_UNEMP","A","2002",33.4021377877229,
"ESP","LTUNEMP","TOT","PC_UNEMP","A","2003",33.464727018323,
"ESP","LTUNEMP","TOT","PC_UNEMP","A","2004",31.8805127986307,
"ESP","LTUNEMP","TOT","PC_UNEMP","A","2005",24.4001953174395,
"ESP","LTUNEMP","TOT","PC_UNEMP","A","2006",21.6424199089827,
"ESP","LTUNEMP","TOT","PC_UNEMP","A","2007",20.3930611465067,
"ESP","LTUNEMP","TOT","PC_UNEMP","A","2008",17.9925749094657,
"ESP","LTUNEMP","TOT","PC_UNEMP","A","2009",23.7993361911584,
"ESP","LTUNEMP","TOT","PC_UNEMP","A","2010",36.6294652444958,
"ESP","LTUNEMP","TOT","PC_UNEMP","A","2011",41.588128396482,
"ESP","LTUNEMP","TOT","PC_UNEMP","A","2012",44.3664529958859,
"ESP","LTUNEMP","TOT","PC_UNEMP","A","2013",49.6825500641238,
"ESP","LTUNEMP","TOT","PC_UNEMP","A","2014",52.8435744415806,
"ESP","LTUNEMP","TOT","PC_UNEMP","A","2015",51.6004527923241,
"ESP","LTUNEMP","TOT","PC_UNEMP","A","2016",48.3553771056809,
"ESP","LTUNEMP","TOT","PC_UNEMP","A","2017",44.481672099067,
"ESP","LTUNEMP","TOT","PC_UNEMP","A","2018",41.7286986957761,
"ESP","LTUNEMP","TOT","PC_UNEMP","A","2019",37.8318521352303,
"ESP","LTUNEMP","TOT","PC_UNEMP","A","2020",32.1139829867353,
"SWE","LTUNEMP","TOT","PC_UNEMP","A","1976",6.22154779969651,
"SWE","LTUNEMP","TOT","PC_UNEMP","A","1977",4.70430107526882,
"SWE","LTUNEMP","TOT","PC_UNEMP","A","1978",5.66239316239316,
"SWE","LTUNEMP","TOT","PC_UNEMP","A","1979",6.78733031674208,
"SWE","LTUNEMP","TOT","PC_UNEMP","A","1980",5.52291421856639,
"SWE","LTUNEMP","TOT","PC_UNEMP","A","1981",5.97572362278245,
"SWE","LTUNEMP","TOT","PC_UNEMP","A","1982",8.36972343522562,
"SWE","LTUNEMP","TOT","PC_UNEMP","A","1983",10.2513227513228,
"SWE","LTUNEMP","TOT","PC_UNEMP","A","1984",12.3991195891416,
"SWE","LTUNEMP","TOT","PC_UNEMP","A","1985",11.3782051282051,
"SWE","LTUNEMP","TOT","PC_UNEMP","A","1986",8.02732707087959,
"SWE","LTUNEMP","TOT","PC_UNEMP","A","1987",18.296210943622,
"SWE","LTUNEMP","TOT","PC_UNEMP","A","1988",14.850937369677,
"SWE","LTUNEMP","TOT","PC_UNEMP","A","1989",13.7935498641345,
"SWE","LTUNEMP","TOT","PC_UNEMP","A","1990",12.070563351105,
"SWE","LTUNEMP","TOT","PC_UNEMP","A","1991",11.2224213521258,
"SWE","LTUNEMP","TOT","PC_UNEMP","A","1992",13.493169747654,
"SWE","LTUNEMP","TOT","PC_UNEMP","A","1993",15.8393275094664,
"SWE","LTUNEMP","TOT","PC_UNEMP","A","1994",25.6737254797389,
"SWE","LTUNEMP","TOT","PC_UNEMP","A","1995",27.8020448594043,
"SWE","LTUNEMP","TOT","PC_UNEMP","A","1996",30.0814576177516,
"SWE","LTUNEMP","TOT","PC_UNEMP","A","1997",33.3547884144179,
"SWE","LTUNEMP","TOT","PC_UNEMP","A","1998",33.5421317774488,
"SWE","LTUNEMP","TOT","PC_UNEMP","A","1999",30.0989466964571,
"SWE","LTUNEMP","TOT","PC_UNEMP","A","2000",26.4434180138568,
"SWE","LTUNEMP","TOT","PC_UNEMP","A","2001",22.3352498894295,
"SWE","LTUNEMP","TOT","PC_UNEMP","A","2002",20.9268018756032,
"SWE","LTUNEMP","TOT","PC_UNEMP","A","2003",17.832646980555,
"SWE","LTUNEMP","TOT","PC_UNEMP","A","2004",18.9158477804424,
"SWE","LTUNEMP","TOT","PC_UNEMP","A","2007",12.7679281171928,
"SWE","LTUNEMP","TOT","PC_UNEMP","A","2008",12.0743281795789,
"SWE","LTUNEMP","TOT","PC_UNEMP","A","2009",12.7764506434461,
"SWE","LTUNEMP","TOT","PC_UNEMP","A","2010",17.2739438931394,
"SWE","LTUNEMP","TOT","PC_UNEMP","A","2011",18.2237793348904,
"SWE","LTUNEMP","TOT","PC_UNEMP","A","2012",17.5414099931554,
"SWE","LTUNEMP","TOT","PC_UNEMP","A","2013",17.0070987329687,
"SWE","LTUNEMP","TOT","PC_UNEMP","A","2014",16.821688465129,
"SWE","LTUNEMP","TOT","PC_UNEMP","A","2015",17.5818969205401,
"SWE","LTUNEMP","TOT","PC_UNEMP","A","2016",16.8199090956146,
"SWE","LTUNEMP","TOT","PC_UNEMP","A","2017",16.815834276333,
"SWE","LTUNEMP","TOT","PC_UNEMP","A","2018",14.3854608104939,
"SWE","LTUNEMP","TOT","PC_UNEMP","A","2019",12.1084717021993,
"SWE","LTUNEMP","TOT","PC_UNEMP","A","2020",11.7022822601694,
"CHE","LTUNEMP","TOT","PC_UNEMP","A","1991",17.0104498957031,
"CHE","LTUNEMP","TOT","PC_UNEMP","A","1992",19.9537517010024,
"CHE","LTUNEMP","TOT","PC_UNEMP","A","1993",20.2646575772036,
"CHE","LTUNEMP","TOT","PC_UNEMP","A","1994",28.9548092306108,
"CHE","LTUNEMP","TOT","PC_UNEMP","A","1995",33.5726888601378,
"CHE","LTUNEMP","TOT","PC_UNEMP","A","1996",25.5548822503578,
"CHE","LTUNEMP","TOT","PC_UNEMP","A","1997",28.1706060489948,
"CHE","LTUNEMP","TOT","PC_UNEMP","A","1998",34.8483038515408,
"CHE","LTUNEMP","TOT","PC_UNEMP","A","1999",39.636647631102,
"CHE","LTUNEMP","TOT","PC_UNEMP","A","2000",28.9624927295842,
"CHE","LTUNEMP","TOT","PC_UNEMP","A","2001",29.9138275686491,
"CHE","LTUNEMP","TOT","PC_UNEMP","A","2002",21.8431610289045,
"CHE","LTUNEMP","TOT","PC_UNEMP","A","2003",26.0777980207601,
"CHE","LTUNEMP","TOT","PC_UNEMP","A","2004",33.5424237373434,
"CHE","LTUNEMP","TOT","PC_UNEMP","A","2005",38.9641638539038,
"CHE","LTUNEMP","TOT","PC_UNEMP","A","2006",39.0555352375275,
"CHE","LTUNEMP","TOT","PC_UNEMP","A","2007",40.7835647803544,
"CHE","LTUNEMP","TOT","PC_UNEMP","A","2008",34.296168999043,
"CHE","LTUNEMP","TOT","PC_UNEMP","A","2009",30.1126830139665,
"CHE","LTUNEMP","TOT","PC_UNEMP","A","2010",35.460271956957,
"CHE","LTUNEMP","TOT","PC_UNEMP","A","2011",39.8343345650097,
"CHE","LTUNEMP","TOT","PC_UNEMP","A","2012",36.5944581891165,
"CHE","LTUNEMP","TOT","PC_UNEMP","A","2013",33.7327542185672,
"CHE","LTUNEMP","TOT","PC_UNEMP","A","2014",38.6412182455679,
"CHE","LTUNEMP","TOT","PC_UNEMP","A","2015",39.5507307525822,
"CHE","LTUNEMP","TOT","PC_UNEMP","A","2016",39.4266860458671,
"CHE","LTUNEMP","TOT","PC_UNEMP","A","2017",37.8673508642684,
"CHE","LTUNEMP","TOT","PC_UNEMP","A","2018",39.4683871180176,
"CHE","LTUNEMP","TOT","PC_UNEMP","A","2019",37.8170265648583,
"CHE","LTUNEMP","TOT","PC_UNEMP","A","2020",34.6257154268361,
"TUR","LTUNEMP","TOT","PC_UNEMP","A","1988",50.8421709295072,
"TUR","LTUNEMP","TOT","PC_UNEMP","A","1989",41.1641791044776,
"TUR","LTUNEMP","TOT","PC_UNEMP","A","1990",47.0022443090734,
"TUR","LTUNEMP","TOT","PC_UNEMP","A","1991",40.8682634730539,
"TUR","LTUNEMP","TOT","PC_UNEMP","A","1992",44.2291251068681,
"TUR","LTUNEMP","TOT","PC_UNEMP","A","1993",46.8133752500714,
"TUR","LTUNEMP","TOT","PC_UNEMP","A","1994",45.945945945946,
"TUR","LTUNEMP","TOT","PC_UNEMP","A","1995",36.4184504069943,
"TUR","LTUNEMP","TOT","PC_UNEMP","A","1996",44.2842430484037,
"TUR","LTUNEMP","TOT","PC_UNEMP","A","1997",41.5636485131975,
"TUR","LTUNEMP","TOT","PC_UNEMP","A","1998",40.2912621359223,
"TUR","LTUNEMP","TOT","PC_UNEMP","A","1999",28.2356273010479,
"TUR","LTUNEMP","TOT","PC_UNEMP","A","2000",21.0926694329184,
"TUR","LTUNEMP","TOT","PC_UNEMP","A","2001",21.3319458896982,
"TUR","LTUNEMP","TOT","PC_UNEMP","A","2002",29.4416243654822,
"TUR","LTUNEMP","TOT","PC_UNEMP","A","2003",24.384133611691,
"TUR","LTUNEMP","TOT","PC_UNEMP","A","2004",39.2064846416382,
"TUR","LTUNEMP","TOT","PC_UNEMP","A","2005",39.4053601340034,
"TUR","LTUNEMP","TOT","PC_UNEMP","A","2006",35.6805495920996,
"TUR","LTUNEMP","TOT","PC_UNEMP","A","2007",30.3323517038284,
"TUR","LTUNEMP","TOT","PC_UNEMP","A","2008",26.8862504787438,
"TUR","LTUNEMP","TOT","PC_UNEMP","A","2009",25.2810608244451,
"TUR","LTUNEMP","TOT","PC_UNEMP","A","2010",28.5854939284542,
"TUR","LTUNEMP","TOT","PC_UNEMP","A","2011",26.4807030951471,
"TUR","LTUNEMP","TOT","PC_UNEMP","A","2012",24.9106078665077,
"TUR","LTUNEMP","TOT","PC_UNEMP","A","2013",24.390243902439,
"TUR","LTUNEMP","TOT","PC_UNEMP","A","2014",20.6449351559762,
"TUR","LTUNEMP","TOT","PC_UNEMP","A","2015",21.1576193590582,
"TUR","LTUNEMP","TOT","PC_UNEMP","A","2016",20.5829326923077,
"TUR","LTUNEMP","TOT","PC_UNEMP","A","2017",21.8650448885028,
"TUR","LTUNEMP","TOT","PC_UNEMP","A","2018",22.4011299435028,
"TUR","LTUNEMP","TOT","PC_UNEMP","A","2019",23.4780662488809,
"TUR","LTUNEMP","TOT","PC_UNEMP","A","2020",25.0492610837438,
"GBR","LTUNEMP","TOT","PC_UNEMP","A","1983",45.6173913043478,
"GBR","LTUNEMP","TOT","PC_UNEMP","A","1984",46.2943071965628,
"GBR","LTUNEMP","TOT","PC_UNEMP","A","1985",50.259249775957,
"GBR","LTUNEMP","TOT","PC_UNEMP","A","1986",48.1880226857637,
"GBR","LTUNEMP","TOT","PC_UNEMP","A","1987",47.9372093790192,
"GBR","LTUNEMP","TOT","PC_UNEMP","A","1988",43.0202140309156,
"GBR","LTUNEMP","TOT","PC_UNEMP","A","1989",39.1467885540161,
"GBR","LTUNEMP","TOT","PC_UNEMP","A","1990",34.3918816579997,
"GBR","LTUNEMP","TOT","PC_UNEMP","A","1991",28.8206905086004,
"GBR","LTUNEMP","TOT","PC_UNEMP","A","1992",35.3911558446277,
"GBR","LTUNEMP","TOT","PC_UNEMP","A","1993",42.5194401244168,
"GBR","LTUNEMP","TOT","PC_UNEMP","A","1994",45.4355677831544,
"GBR","LTUNEMP","TOT","PC_UNEMP","A","1995",43.5625607693198,
"GBR","LTUNEMP","TOT","PC_UNEMP","A","1996",39.806422357373,
"GBR","LTUNEMP","TOT","PC_UNEMP","A","1997",38.6490965946495,
"GBR","LTUNEMP","TOT","PC_UNEMP","A","1998",32.6594370236821,
"GBR","LTUNEMP","TOT","PC_UNEMP","A","1999",29.6151463146895,
"GBR","LTUNEMP","TOT","PC_UNEMP","A","2000",26.709451779295,
"GBR","LTUNEMP","TOT","PC_UNEMP","A","2001",25.2770003386853,
"GBR","LTUNEMP","TOT","PC_UNEMP","A","2002",21.7529671270748,
"GBR","LTUNEMP","TOT","PC_UNEMP","A","2003",21.4465502607726,
"GBR","LTUNEMP","TOT","PC_UNEMP","A","2004",20.5072279258163,
"GBR","LTUNEMP","TOT","PC_UNEMP","A","2005",21.0586178860592,
"GBR","LTUNEMP","TOT","PC_UNEMP","A","2006",22.3550580800149,
"GBR","LTUNEMP","TOT","PC_UNEMP","A","2007",23.7757685522204,
"GBR","LTUNEMP","TOT","PC_UNEMP","A","2008",24.1643256038838,
"GBR","LTUNEMP","TOT","PC_UNEMP","A","2009",24.5243925680332,
"GBR","LTUNEMP","TOT","PC_UNEMP","A","2010",32.55125160337,
"GBR","LTUNEMP","TOT","PC_UNEMP","A","2011",33.4603938652088,
"GBR","LTUNEMP","TOT","PC_UNEMP","A","2012",34.7264688193341,
"GBR","LTUNEMP","TOT","PC_UNEMP","A","2013",36.1505631124069,
"GBR","LTUNEMP","TOT","PC_UNEMP","A","2014",35.7322468480984,
"GBR","LTUNEMP","TOT","PC_UNEMP","A","2015",30.6682950022044,
"GBR","LTUNEMP","TOT","PC_UNEMP","A","2016",26.4733021047225,
"GBR","LTUNEMP","TOT","PC_UNEMP","A","2017",25.4917006855032,
"GBR","LTUNEMP","TOT","PC_UNEMP","A","2018",25.147605981408,
"GBR","LTUNEMP","TOT","PC_UNEMP","A","2019",24.0964895839564,
"GBR","LTUNEMP","TOT","PC_UNEMP","A","2020",20.1190863318594,
"USA","LTUNEMP","TOT","PC_UNEMP","A","1968",2.30578219226676,
"USA","LTUNEMP","TOT","PC_UNEMP","A","1969",1.90745319675026,
"USA","LTUNEMP","TOT","PC_UNEMP","A","1970",2.10166177908113,
"USA","LTUNEMP","TOT","PC_UNEMP","A","1971",3.52379056340832,
"USA","LTUNEMP","TOT","PC_UNEMP","A","1972",5.10350481656077,
"USA","LTUNEMP","TOT","PC_UNEMP","A","1973",3.25315005727377,
"USA","LTUNEMP","TOT","PC_UNEMP","A","1974",2.68221574344023,
"USA","LTUNEMP","TOT","PC_UNEMP","A","1975",5.30761472516389,
"USA","LTUNEMP","TOT","PC_UNEMP","A","1976",8.67863409366986,
"USA","LTUNEMP","TOT","PC_UNEMP","A","1977",7.24803431022159,
"USA","LTUNEMP","TOT","PC_UNEMP","A","1978",5.14682155534043,
"USA","LTUNEMP","TOT","PC_UNEMP","A","1979",4.21755414427618,
"USA","LTUNEMP","TOT","PC_UNEMP","A","1980",4.2943178842629,
"USA","LTUNEMP","TOT","PC_UNEMP","A","1981",6.74564796905222,
"USA","LTUNEMP","TOT","PC_UNEMP","A","1982",7.71680089904476,
"USA","LTUNEMP","TOT","PC_UNEMP","A","1983",13.34453154162,
"USA","LTUNEMP","TOT","PC_UNEMP","A","1984",12.2862497071914,
"USA","LTUNEMP","TOT","PC_UNEMP","A","1985",9.45052302512925,
"USA","LTUNEMP","TOT","PC_UNEMP","A","1986",8.6792910900704,
"USA","LTUNEMP","TOT","PC_UNEMP","A","1987",8.09645695810319,
"USA","LTUNEMP","TOT","PC_UNEMP","A","1988",7.41569680692331,
"USA","LTUNEMP","TOT","PC_UNEMP","A","1989",5.73092246399019,
"USA","LTUNEMP","TOT","PC_UNEMP","A","1990",5.49403747870528,
"USA","LTUNEMP","TOT","PC_UNEMP","A","1991",6.257967319504,
"USA","LTUNEMP","TOT","PC_UNEMP","A","1992",11.0648918469218,
"USA","LTUNEMP","TOT","PC_UNEMP","A","1993",11.5053161723559,
"USA","LTUNEMP","TOT","PC_UNEMP","A","1994",12.2375,
"USA","LTUNEMP","TOT","PC_UNEMP","A","1995",9.68264686022958,
"USA","LTUNEMP","TOT","PC_UNEMP","A","1996",9.4514301506149,
"USA","LTUNEMP","TOT","PC_UNEMP","A","1997",8.73757602729565,
"USA","LTUNEMP","TOT","PC_UNEMP","A","1998",7.98454603992273,
"USA","LTUNEMP","TOT","PC_UNEMP","A","1999",6.78802313712147,
"USA","LTUNEMP","TOT","PC_UNEMP","A","2000",6.02600140548138,
"USA","LTUNEMP","TOT","PC_UNEMP","A","2001",6.10114672155248,
"USA","LTUNEMP","TOT","PC_UNEMP","A","2002",8.5243553008596,
"USA","LTUNEMP","TOT","PC_UNEMP","A","2003",11.8089593069646,
"USA","LTUNEMP","TOT","PC_UNEMP","A","2004",12.6701827548142,
"USA","LTUNEMP","TOT","PC_UNEMP","A","2005",11.7523056653491,
"USA","LTUNEMP","TOT","PC_UNEMP","A","2006",10.0099957161217,
"USA","LTUNEMP","TOT","PC_UNEMP","A","2007",9.95053003533569,
"USA","LTUNEMP","TOT","PC_UNEMP","A","2008",10.6418729696427,
"USA","LTUNEMP","TOT","PC_UNEMP","A","2009",16.2518404262778,
"USA","LTUNEMP","TOT","PC_UNEMP","A","2010",28.9876576515816,
"USA","LTUNEMP","TOT","PC_UNEMP","A","2011",31.3213584466584,
"USA","LTUNEMP","TOT","PC_UNEMP","A","2012",29.2932523185162,
"USA","LTUNEMP","TOT","PC_UNEMP","A","2013",25.9123450323031,
"USA","LTUNEMP","TOT","PC_UNEMP","A","2014",23.0217323489654,
"USA","LTUNEMP","TOT","PC_UNEMP","A","2015",18.6520376175549,
"USA","LTUNEMP","TOT","PC_UNEMP","A","2016",17.0470664087685,
"USA","LTUNEMP","TOT","PC_UNEMP","A","2017",15.1059564719359,
"USA","LTUNEMP","TOT","PC_UNEMP","A","2018",13.3491686460808,
"USA","LTUNEMP","TOT","PC_UNEMP","A","2019",12.6978836860523,
"USA","LTUNEMP","TOT","PC_UNEMP","A","2020",5.62335856635254,
"G7M","LTUNEMP","TOT","PC_UNEMP","A","1968",2.30578219226676,
"G7M","LTUNEMP","TOT","PC_UNEMP","A","1969",1.90745319675026,
"G7M","LTUNEMP","TOT","PC_UNEMP","A","1970",2.10166177908113,
"G7M","LTUNEMP","TOT","PC_UNEMP","A","1971",3.52379056340832,
"G7M","LTUNEMP","TOT","PC_UNEMP","A","1972",5.10350481656077,
"G7M","LTUNEMP","TOT","PC_UNEMP","A","1973",3.25315005727377,
"G7M","LTUNEMP","TOT","PC_UNEMP","A","1974",2.68221574344023,
"G7M","LTUNEMP","TOT","PC_UNEMP","A","1975",6.35092051907428,
"G7M","LTUNEMP","TOT","PC_UNEMP","A","1976",9.8934819537065,
"G7M","LTUNEMP","TOT","PC_UNEMP","A","1977",9.45820224327809,
"G7M","LTUNEMP","TOT","PC_UNEMP","A","1978",9.77868027280534,
"G7M","LTUNEMP","TOT","PC_UNEMP","A","1979",9.98364152945505,
"G7M","LTUNEMP","TOT","PC_UNEMP","A","1980",9.56061590146443,
"G7M","LTUNEMP","TOT","PC_UNEMP","A","1981",11.3200829698316,
"G7M","LTUNEMP","TOT","PC_UNEMP","A","1982",11.1552438100984,
"G7M","LTUNEMP","TOT","PC_UNEMP","A","1983",25.7950697902469,
"G7M","LTUNEMP","TOT","PC_UNEMP","A","1984",28.1875574058392,
"G7M","LTUNEMP","TOT","PC_UNEMP","A","1985",29.2296154748867,
"G7M","LTUNEMP","TOT","PC_UNEMP","A","1986",29.6085065309776,
"G7M","LTUNEMP","TOT","PC_UNEMP","A","1987",30.6051040877675,
"G7M","LTUNEMP","TOT","PC_UNEMP","A","1988",30.2530002091357,
"G7M","LTUNEMP","TOT","PC_UNEMP","A","1989",28.964024920734,
"G7M","LTUNEMP","TOT","PC_UNEMP","A","1990",25.8927725894972,
"G7M","LTUNEMP","TOT","PC_UNEMP","A","1991",22.9017552229686,
"G7M","LTUNEMP","TOT","PC_UNEMP","A","1992",24.1891478416815,
"G7M","LTUNEMP","TOT","PC_UNEMP","A","1993",27.0533760187256,
"G7M","LTUNEMP","TOT","PC_UNEMP","A","1994",30.4555325186691,
"G7M","LTUNEMP","TOT","PC_UNEMP","A","1995",31.0354625476132,
"G7M","LTUNEMP","TOT","PC_UNEMP","A","1996",30.8392987702099,
"G7M","LTUNEMP","TOT","PC_UNEMP","A","1997",32.2222955233012,
"G7M","LTUNEMP","TOT","PC_UNEMP","A","1998",31.4681737953842,
"G7M","LTUNEMP","TOT","PC_UNEMP","A","1999",30.3855407023956,
"G7M","LTUNEMP","TOT","PC_UNEMP","A","2000",29.9455034469247,
"G7M","LTUNEMP","TOT","PC_UNEMP","A","2001",27.3630935975037,
"G7M","LTUNEMP","TOT","PC_UNEMP","A","2002",26.2282087517889,
"G7M","LTUNEMP","TOT","PC_UNEMP","A","2003",28.8166599574624,
"G7M","LTUNEMP","TOT","PC_UNEMP","A","2004",29.2378157488966,
"G7M","LTUNEMP","TOT","PC_UNEMP","A","2005",30.0083597574291,
"G7M","LTUNEMP","TOT","PC_UNEMP","A","2006",30.1022586218427,
"G7M","LTUNEMP","TOT","PC_UNEMP","A","2007",28.4558963580852,
"G7M","LTUNEMP","TOT","PC_UNEMP","A","2008",25.7515265454589,
"G7M","LTUNEMP","TOT","PC_UNEMP","A","2009",24.5529408619974,
"G7M","LTUNEMP","TOT","PC_UNEMP","A","2010",33.4539421261576,
"G7M","LTUNEMP","TOT","PC_UNEMP","A","2011",35.328276863561,
"G7M","LTUNEMP","TOT","PC_UNEMP","A","2012",34.7606257322315,
"G7M","LTUNEMP","TOT","PC_UNEMP","A","2013",34.5843902068142,
"G7M","LTUNEMP","TOT","PC_UNEMP","A","2014",34.5545217219884,
"G7M","LTUNEMP","TOT","PC_UNEMP","A","2015",32.1533322188364,
"G7M","LTUNEMP","TOT","PC_UNEMP","A","2016",31.6180965002663,
"G7M","LTUNEMP","TOT","PC_UNEMP","A","2017",30.9784970977497,
"G7M","LTUNEMP","TOT","PC_UNEMP","A","2018",29.4639922630761,
"G7M","LTUNEMP","TOT","PC_UNEMP","A","2019",28.0846532545639,
"G7M","LTUNEMP","TOT","PC_UNEMP","A","2020",17.1273614901397,
"BGR","LTUNEMP","TOT","PC_UNEMP","A","2000",56.9983520526428,
"BGR","LTUNEMP","TOT","PC_UNEMP","A","2001",62.0593278592652,
"BGR","LTUNEMP","TOT","PC_UNEMP","A","2002",66.0141176574702,
"BGR","LTUNEMP","TOT","PC_UNEMP","A","2003",65.4199376610193,
"BGR","LTUNEMP","TOT","PC_UNEMP","A","2004",59.5422191011664,
"BGR","LTUNEMP","TOT","PC_UNEMP","A","2005",59.8183753658594,
"BGR","LTUNEMP","TOT","PC_UNEMP","A","2006",55.7272082452392,
"BGR","LTUNEMP","TOT","PC_UNEMP","A","2007",58.89645287817,
"BGR","LTUNEMP","TOT","PC_UNEMP","A","2008",51.6691308481596,
"BGR","LTUNEMP","TOT","PC_UNEMP","A","2009",43.263693840558,
"BGR","LTUNEMP","TOT","PC_UNEMP","A","2010",46.132936679495,
"BGR","LTUNEMP","TOT","PC_UNEMP","A","2011",55.7396864072452,
"BGR","LTUNEMP","TOT","PC_UNEMP","A","2012",55.193858181068,
"BGR","LTUNEMP","TOT","PC_UNEMP","A","2013",57.273837368751,
"BGR","LTUNEMP","TOT","PC_UNEMP","A","2014",60.3529572063283,
"BGR","LTUNEMP","TOT","PC_UNEMP","A","2015",61.2169111081034,
"BGR","LTUNEMP","TOT","PC_UNEMP","A","2016",59.0983822844638,
"BGR","LTUNEMP","TOT","PC_UNEMP","A","2017",54.9978888496916,
"BGR","LTUNEMP","TOT","PC_UNEMP","A","2018",58.4277832067519,
"BGR","LTUNEMP","TOT","PC_UNEMP","A","2019",56.5534415261584,
"BGR","LTUNEMP","TOT","PC_UNEMP","A","2020",44.9621515542748,
"HRV","LTUNEMP","TOT","PC_UNEMP","A","2002",60.8270155319588,
"HRV","LTUNEMP","TOT","PC_UNEMP","A","2003",59.4624781397288,
"HRV","LTUNEMP","TOT","PC_UNEMP","A","2004",53.8489200449884,
"HRV","LTUNEMP","TOT","PC_UNEMP","A","2005",58.4085283101107,
"HRV","LTUNEMP","TOT","PC_UNEMP","A","2006",60.1151698801461,
"HRV","LTUNEMP","TOT","PC_UNEMP","A","2007",60.044890191826,
"HRV","LTUNEMP","TOT","PC_UNEMP","A","2008",62.3075232298192,
"HRV","LTUNEMP","TOT","PC_UNEMP","A","2009",55.6654819260243,
"HRV","LTUNEMP","TOT","PC_UNEMP","A","2010",56.2659215678189,
"HRV","LTUNEMP","TOT","PC_UNEMP","A","2011",61.3411126452679,
"HRV","LTUNEMP","TOT","PC_UNEMP","A","2012",63.6527991060792,
"HRV","LTUNEMP","TOT","PC_UNEMP","A","2013",63.5585433238885,
"HRV","LTUNEMP","TOT","PC_UNEMP","A","2014",58.5013382385987,
"HRV","LTUNEMP","TOT","PC_UNEMP","A","2015",63.0121003249945,
"HRV","LTUNEMP","TOT","PC_UNEMP","A","2016",50.6569871912534,
"HRV","LTUNEMP","TOT","PC_UNEMP","A","2017",41.013124445009,
"HRV","LTUNEMP","TOT","PC_UNEMP","A","2018",40.1963298590948,
"HRV","LTUNEMP","TOT","PC_UNEMP","A","2019",35.8477875312775,
"HRV","LTUNEMP","TOT","PC_UNEMP","A","2020",28.1176546573874,
"CYP","LTUNEMP","TOT","PC_UNEMP","A","2000",25.6693818059432,
"CYP","LTUNEMP","TOT","PC_UNEMP","A","2001",21.3742086332175,
"CYP","LTUNEMP","TOT","PC_UNEMP","A","2002",20.0817988291741,
"CYP","LTUNEMP","TOT","PC_UNEMP","A","2003",23.9307534907785,
"CYP","LTUNEMP","TOT","PC_UNEMP","A","2004",27.3778315708925,
"CYP","LTUNEMP","TOT","PC_UNEMP","A","2005",23.4593462842773,
"CYP","LTUNEMP","TOT","PC_UNEMP","A","2006",19.26222800694,
"CYP","LTUNEMP","TOT","PC_UNEMP","A","2007",18.5920050068868,
"CYP","LTUNEMP","TOT","PC_UNEMP","A","2008",13.5942432550412,
"CYP","LTUNEMP","TOT","PC_UNEMP","A","2009",10.3889563240118,
"CYP","LTUNEMP","TOT","PC_UNEMP","A","2010",20.3642872162131,
"CYP","LTUNEMP","TOT","PC_UNEMP","A","2011",20.7959192589276,
"CYP","LTUNEMP","TOT","PC_UNEMP","A","2012",30.0744803670028,
"CYP","LTUNEMP","TOT","PC_UNEMP","A","2013",38.2508172915991,
"CYP","LTUNEMP","TOT","PC_UNEMP","A","2014",47.7058322860898,
"CYP","LTUNEMP","TOT","PC_UNEMP","A","2015",45.3322514780897,
"CYP","LTUNEMP","TOT","PC_UNEMP","A","2016",44.4323365129568,
"CYP","LTUNEMP","TOT","PC_UNEMP","A","2017",40.5856033939435,
"CYP","LTUNEMP","TOT","PC_UNEMP","A","2018",31.7169532466358,
"CYP","LTUNEMP","TOT","PC_UNEMP","A","2019",29.0968696690687,
"CYP","LTUNEMP","TOT","PC_UNEMP","A","2020",28.0528388544852,
"EST","LTUNEMP","TOT","PC_UNEMP","A","1990",32.510749850463,
"EST","LTUNEMP","TOT","PC_UNEMP","A","1991",23.7177365338438,
"EST","LTUNEMP","TOT","PC_UNEMP","A","1992",22.6498509399787,
"EST","LTUNEMP","TOT","PC_UNEMP","A","1993",31.8381632462158,
"EST","LTUNEMP","TOT","PC_UNEMP","A","1994",42.5317599773768,
"EST","LTUNEMP","TOT","PC_UNEMP","A","1995",35.9655563621097,
"EST","LTUNEMP","TOT","PC_UNEMP","A","1996",57.324011499501,
"EST","LTUNEMP","TOT","PC_UNEMP","A","1997",48.9662827769579,
"EST","LTUNEMP","TOT","PC_UNEMP","A","1998",49.6620241117955,
"EST","LTUNEMP","TOT","PC_UNEMP","A","1999",48.9036313622645,
"EST","LTUNEMP","TOT","PC_UNEMP","A","2000",45.1011167791754,
"EST","LTUNEMP","TOT","PC_UNEMP","A","2001",48.99532826275,
"EST","LTUNEMP","TOT","PC_UNEMP","A","2002",54.7509551071959,
"EST","LTUNEMP","TOT","PC_UNEMP","A","2003",46.8601258285472,
"EST","LTUNEMP","TOT","PC_UNEMP","A","2004",51.0805558436107,
"EST","LTUNEMP","TOT","PC_UNEMP","A","2005",54.2235447059938,
"EST","LTUNEMP","TOT","PC_UNEMP","A","2006",48.6464051400846,
"EST","LTUNEMP","TOT","PC_UNEMP","A","2007",49.7566988718235,
"EST","LTUNEMP","TOT","PC_UNEMP","A","2008",31.1502695853238,
"EST","LTUNEMP","TOT","PC_UNEMP","A","2009",27.3318218277858,
"EST","LTUNEMP","TOT","PC_UNEMP","A","2010",45.2590370180362,
"EST","LTUNEMP","TOT","PC_UNEMP","A","2011",57.3255990974023,
"EST","LTUNEMP","TOT","PC_UNEMP","A","2012",54.6548299131947,
"EST","LTUNEMP","TOT","PC_UNEMP","A","2013",44.4976400636812,
"EST","LTUNEMP","TOT","PC_UNEMP","A","2014",45.3175741107904,
"EST","LTUNEMP","TOT","PC_UNEMP","A","2015",38.3396030310672,
"EST","LTUNEMP","TOT","PC_UNEMP","A","2016",31.6184648577805,
"EST","LTUNEMP","TOT","PC_UNEMP","A","2017",33.4832073063541,
"EST","LTUNEMP","TOT","PC_UNEMP","A","2018",24.9210851402473,
"EST","LTUNEMP","TOT","PC_UNEMP","A","2019",19.9891205645683,
"EST","LTUNEMP","TOT","PC_UNEMP","A","2020",17.2035554326293,
"ISR","LTUNEMP","TOT","PC_UNEMP","A","1995",8.13274560619881,
"ISR","LTUNEMP","TOT","PC_UNEMP","A","1996",6.55699632149759,
"ISR","LTUNEMP","TOT","PC_UNEMP","A","1997",6.3787716025055,
"ISR","LTUNEMP","TOT","PC_UNEMP","A","1998",7.26289457747431,
"ISR","LTUNEMP","TOT","PC_UNEMP","A","1999",11.3473590025911,
"ISR","LTUNEMP","TOT","PC_UNEMP","A","2000",11.9999228877301,
"ISR","LTUNEMP","TOT","PC_UNEMP","A","2001",11.8405519159982,
"ISR","LTUNEMP","TOT","PC_UNEMP","A","2002",13.499119428315,
"ISR","LTUNEMP","TOT","PC_UNEMP","A","2003",18.0333671961388,
"ISR","LTUNEMP","TOT","PC_UNEMP","A","2004",24.2351247625479,
"ISR","LTUNEMP","TOT","PC_UNEMP","A","2005",25.3253685066607,
"ISR","LTUNEMP","TOT","PC_UNEMP","A","2006",27.3295297503216,
"ISR","LTUNEMP","TOT","PC_UNEMP","A","2007",24.9015688650119,
"ISR","LTUNEMP","TOT","PC_UNEMP","A","2008",22.7154455267655,
"ISR","LTUNEMP","TOT","PC_UNEMP","A","2009",20.2509975919362,
"ISR","LTUNEMP","TOT","PC_UNEMP","A","2010",22.3619292369967,
"ISR","LTUNEMP","TOT","PC_UNEMP","A","2011",20.2281919581221,
"ISR","LTUNEMP","TOT","PC_UNEMP","A","2012",13.2682158889696,
"ISR","LTUNEMP","TOT","PC_UNEMP","A","2013",12.7488941664208,
"ISR","LTUNEMP","TOT","PC_UNEMP","A","2014",10.6402657893011,
"ISR","LTUNEMP","TOT","PC_UNEMP","A","2015",11.4538467896927,
"ISR","LTUNEMP","TOT","PC_UNEMP","A","2016",13.5233714856866,
"ISR","LTUNEMP","TOT","PC_UNEMP","A","2017",11.5878224693303,
"ISR","LTUNEMP","TOT","PC_UNEMP","A","2018",6.99125115318152,
"ISR","LTUNEMP","TOT","PC_UNEMP","A","2019",5.71224542297946,
"ISR","LTUNEMP","TOT","PC_UNEMP","A","2020",4.9373174928906,
"LVA","LTUNEMP","TOT","PC_UNEMP","A","2000",58.5888016371716,
"LVA","LTUNEMP","TOT","PC_UNEMP","A","2001",54.214391833828,
"LVA","LTUNEMP","TOT","PC_UNEMP","A","2002",45.4561181691679,
"LVA","LTUNEMP","TOT","PC_UNEMP","A","2003",42.5062045798631,
"LVA","LTUNEMP","TOT","PC_UNEMP","A","2004",42.0504318573824,
"LVA","LTUNEMP","TOT","PC_UNEMP","A","2005",44.5903736057074,
"LVA","LTUNEMP","TOT","PC_UNEMP","A","2006",33.9003571173525,
"LVA","LTUNEMP","TOT","PC_UNEMP","A","2007",27.085333620935,
"LVA","LTUNEMP","TOT","PC_UNEMP","A","2008",23.9965047706951,
"LVA","LTUNEMP","TOT","PC_UNEMP","A","2009",25.8121804638139,
"LVA","LTUNEMP","TOT","PC_UNEMP","A","2010",45.0024458260095,
"LVA","LTUNEMP","TOT","PC_UNEMP","A","2011",54.5156901331795,
"LVA","LTUNEMP","TOT","PC_UNEMP","A","2012",52.0608179824251,
"LVA","LTUNEMP","TOT","PC_UNEMP","A","2013",48.5296270877907,
"LVA","LTUNEMP","TOT","PC_UNEMP","A","2014",43.0652335923427,
"LVA","LTUNEMP","TOT","PC_UNEMP","A","2015",45.5195109978597,
"LVA","LTUNEMP","TOT","PC_UNEMP","A","2016",41.5168137833459,
"LVA","LTUNEMP","TOT","PC_UNEMP","A","2017",37.6718274390141,
"LVA","LTUNEMP","TOT","PC_UNEMP","A","2018",41.6910432691254,
"LVA","LTUNEMP","TOT","PC_UNEMP","A","2019",38.1795852900335,
"LVA","LTUNEMP","TOT","PC_UNEMP","A","2020",27.3299241805296,
"LTU","LTUNEMP","TOT","PC_UNEMP","A","2000",49.8003175253249,
"LTU","LTUNEMP","TOT","PC_UNEMP","A","2001",57.4239658877623,
"LTU","LTUNEMP","TOT","PC_UNEMP","A","2002",53.4819360967419,
"LTU","LTUNEMP","TOT","PC_UNEMP","A","2003",47.9506196487083,
"LTU","LTUNEMP","TOT","PC_UNEMP","A","2004",51.4384011484432,
"LTU","LTUNEMP","TOT","PC_UNEMP","A","2005",52.8479479832555,
"LTU","LTUNEMP","TOT","PC_UNEMP","A","2006",45.1520188797851,
"LTU","LTUNEMP","TOT","PC_UNEMP","A","2007",32.3824471078616,
"LTU","LTUNEMP","TOT","PC_UNEMP","A","2008",21.5359901058838,
"LTU","LTUNEMP","TOT","PC_UNEMP","A","2009",23.6629813787399,
"LTU","LTUNEMP","TOT","PC_UNEMP","A","2010",41.6569189469357,
"LTU","LTUNEMP","TOT","PC_UNEMP","A","2011",52.1132067312096,
"LTU","LTUNEMP","TOT","PC_UNEMP","A","2012",49.1769132348073,
"LTU","LTUNEMP","TOT","PC_UNEMP","A","2013",42.9561479109206,
"LTU","LTUNEMP","TOT","PC_UNEMP","A","2014",44.6987980854576,
"LTU","LTUNEMP","TOT","PC_UNEMP","A","2015",42.8895385139271,
"LTU","LTUNEMP","TOT","PC_UNEMP","A","2016",38.3259309060124,
"LTU","LTUNEMP","TOT","PC_UNEMP","A","2017",37.5570302955616,
"LTU","LTUNEMP","TOT","PC_UNEMP","A","2018",32.2383884143277,
"LTU","LTUNEMP","TOT","PC_UNEMP","A","2019",30.6308109930431,
"LTU","LTUNEMP","TOT","PC_UNEMP","A","2020",28.9696834545465,
"MKD","LTUNEMP","TOT","PC_UNEMP","A","2006",83.9923616975751,
"MKD","LTUNEMP","TOT","PC_UNEMP","A","2007",84.8235716655943,
"MKD","LTUNEMP","TOT","PC_UNEMP","A","2008",84.8853817374196,
"MKD","LTUNEMP","TOT","PC_UNEMP","A","2009",81.5894578512459,
"MKD","LTUNEMP","TOT","PC_UNEMP","A","2010",83.1039537774718,
"MKD","LTUNEMP","TOT","PC_UNEMP","A","2011",82.5896428304066,
"MKD","LTUNEMP","TOT","PC_UNEMP","A","2012",82.0473471451481,
"MKD","LTUNEMP","TOT","PC_UNEMP","A","2013",82.2757486530704,
"MKD","LTUNEMP","TOT","PC_UNEMP","A","2014",83.2034352000608,
"MKD","LTUNEMP","TOT","PC_UNEMP","A","2015",81.5831564613399,
"MKD","LTUNEMP","TOT","PC_UNEMP","A","2016",80.4411336859096,
"MKD","LTUNEMP","TOT","PC_UNEMP","A","2017",77.8252872334321,
"MKD","LTUNEMP","TOT","PC_UNEMP","A","2018",74.5542106728985,
"MKD","LTUNEMP","TOT","PC_UNEMP","A","2019",71.7497567193454,
"MKD","LTUNEMP","TOT","PC_UNEMP","A","2020",75.4332089585521,
"MLT","LTUNEMP","TOT","PC_UNEMP","A","2000",56.0250288855485,
"MLT","LTUNEMP","TOT","PC_UNEMP","A","2001",43.261882761985,
"MLT","LTUNEMP","TOT","PC_UNEMP","A","2002",44.0743544277038,
"MLT","LTUNEMP","TOT","PC_UNEMP","A","2003",41.4915383414953,
"MLT","LTUNEMP","TOT","PC_UNEMP","A","2004",46.7454332935288,
"MLT","LTUNEMP","TOT","PC_UNEMP","A","2005",48.595796266968,
"MLT","LTUNEMP","TOT","PC_UNEMP","A","2006",39.5701560998562,
"MLT","LTUNEMP","TOT","PC_UNEMP","A","2007",41.343717369688,
"MLT","LTUNEMP","TOT","PC_UNEMP","A","2008",42.689913182269,
"MLT","LTUNEMP","TOT","PC_UNEMP","A","2009",42.0415774030752,
"MLT","LTUNEMP","TOT","PC_UNEMP","A","2010",44.941235459871,
"MLT","LTUNEMP","TOT","PC_UNEMP","A","2011",47.2573467541252,
"MLT","LTUNEMP","TOT","PC_UNEMP","A","2012",48.5721771639046,
"MLT","LTUNEMP","TOT","PC_UNEMP","A","2013",45.6939843479672,
"MLT","LTUNEMP","TOT","PC_UNEMP","A","2014",46.910658047452,
"MLT","LTUNEMP","TOT","PC_UNEMP","A","2015",43.6701672637636,
"MLT","LTUNEMP","TOT","PC_UNEMP","A","2016",50.5117862864019,
"MLT","LTUNEMP","TOT","PC_UNEMP","A","2017",50.7601094158257,
"MLT","LTUNEMP","TOT","PC_UNEMP","A","2018",48.1365945754022,
"MLT","LTUNEMP","TOT","PC_UNEMP","A","2019",25.1190292622198,
"MLT","LTUNEMP","TOT","PC_UNEMP","A","2020",25.5177762569307,
"RUS","LTUNEMP","TOT","PC_UNEMP","A","1992",11.0710424615106,
"RUS","LTUNEMP","TOT","PC_UNEMP","A","1993",18.1984279249365,
"RUS","LTUNEMP","TOT","PC_UNEMP","A","1994",22.9309739002611,
"RUS","LTUNEMP","TOT","PC_UNEMP","A","1995",29.712233649204,
"RUS","LTUNEMP","TOT","PC_UNEMP","A","1996",32.6119937522773,
"RUS","LTUNEMP","TOT","PC_UNEMP","A","1997",38.1653135237458,
"RUS","LTUNEMP","TOT","PC_UNEMP","A","1998",40.6815259481012,
"RUS","LTUNEMP","TOT","PC_UNEMP","A","1999",46.9741533477455,
"RUS","LTUNEMP","TOT","PC_UNEMP","A","2000",46.191080122267,
"RUS","LTUNEMP","TOT","PC_UNEMP","A","2001",39.2243236646089,
"RUS","LTUNEMP","TOT","PC_UNEMP","A","2002",38.9206458617675,
"RUS","LTUNEMP","TOT","PC_UNEMP","A","2003",37.6219655756876,
"RUS","LTUNEMP","TOT","PC_UNEMP","A","2004",39.1793133682878,
"RUS","LTUNEMP","TOT","PC_UNEMP","A","2005",39.014472194969,
"RUS","LTUNEMP","TOT","PC_UNEMP","A","2006",42.2888718186755,
"RUS","LTUNEMP","TOT","PC_UNEMP","A","2007",40.6466347616808,
"RUS","LTUNEMP","TOT","PC_UNEMP","A","2008",35.1923832314422,
"RUS","LTUNEMP","TOT","PC_UNEMP","A","2009",28.7343213692798,
"RUS","LTUNEMP","TOT","PC_UNEMP","A","2010",30.0370984696701,
"RUS","LTUNEMP","TOT","PC_UNEMP","A","2011",32.8724266358741,
"RUS","LTUNEMP","TOT","PC_UNEMP","A","2012",30.897162777186,
"RUS","LTUNEMP","TOT","PC_UNEMP","A","2013",30.9796898931722,
"RUS","LTUNEMP","TOT","PC_UNEMP","A","2014",28.0748489484277,
"RUS","LTUNEMP","TOT","PC_UNEMP","A","2015",27.30570365783,
"RUS","LTUNEMP","TOT","PC_UNEMP","A","2016",29.5679970425129,
"RUS","LTUNEMP","TOT","PC_UNEMP","A","2017",30.4294045499246,
"RUS","LTUNEMP","TOT","PC_UNEMP","A","2018",28.5633495169411,
"RUS","LTUNEMP","TOT","PC_UNEMP","A","2019",23.766047499518,
"RUS","LTUNEMP","TOT","PC_UNEMP","A","2020",18.8351713937043,
"SVN","LTUNEMP","TOT","PC_UNEMP","A","2000",61.3635702708084,
"SVN","LTUNEMP","TOT","PC_UNEMP","A","2001",60.3480511207126,
"SVN","LTUNEMP","TOT","PC_UNEMP","A","2002",55.5750742426675,
"SVN","LTUNEMP","TOT","PC_UNEMP","A","2003",52.8475142564224,
"SVN","LTUNEMP","TOT","PC_UNEMP","A","2004",51.4359703564433,
"SVN","LTUNEMP","TOT","PC_UNEMP","A","2005",47.3466787895565,
"SVN","LTUNEMP","TOT","PC_UNEMP","A","2006",49.2558071776743,
"SVN","LTUNEMP","TOT","PC_UNEMP","A","2007",45.7383322440987,
"SVN","LTUNEMP","TOT","PC_UNEMP","A","2008",42.2027062780739,
"SVN","LTUNEMP","TOT","PC_UNEMP","A","2009",30.0737904687964,
"SVN","LTUNEMP","TOT","PC_UNEMP","A","2010",43.3148721688144,
"SVN","LTUNEMP","TOT","PC_UNEMP","A","2011",44.2140710152078,
"SVN","LTUNEMP","TOT","PC_UNEMP","A","2012",47.8945034316824,
"SVN","LTUNEMP","TOT","PC_UNEMP","A","2013",50.9661605567628,
"SVN","LTUNEMP","TOT","PC_UNEMP","A","2014",54.4887654929624,
"SVN","LTUNEMP","TOT","PC_UNEMP","A","2015",52.304467330516,
"SVN","LTUNEMP","TOT","PC_UNEMP","A","2016",53.2787058852174,
"SVN","LTUNEMP","TOT","PC_UNEMP","A","2017",47.4585893001914,
"SVN","LTUNEMP","TOT","PC_UNEMP","A","2018",42.9251867728107,
"SVN","LTUNEMP","TOT","PC_UNEMP","A","2019",42.9598695576258,
"SVN","LTUNEMP","TOT","PC_UNEMP","A","2020",38.789375835374,
"ZAF","LTUNEMP","TOT","PC_UNEMP","A","2001",68.3541348573776,
"ZAF","LTUNEMP","TOT","PC_UNEMP","A","2002",68.5038967972563,
"ZAF","LTUNEMP","TOT","PC_UNEMP","A","2003",68.3801922973878,
"ZAF","LTUNEMP","TOT","PC_UNEMP","A","2004",65.1358041164893,
"ZAF","LTUNEMP","TOT","PC_UNEMP","A","2005",63.6706102765153,
"ZAF","LTUNEMP","TOT","PC_UNEMP","A","2006",59.4636004524616,
"ZAF","LTUNEMP","TOT","PC_UNEMP","A","2007",57.7144605271885,
"ZAF","LTUNEMP","TOT","PC_UNEMP","A","2008",50.2434932431862,
"ZAF","LTUNEMP","TOT","PC_UNEMP","A","2009",50.0993782166556,
"ZAF","LTUNEMP","TOT","PC_UNEMP","A","2010",56.7487064602004,
"ZAF","LTUNEMP","TOT","PC_UNEMP","A","2011",59.6870452530356,
"ZAF","LTUNEMP","TOT","PC_UNEMP","A","2012",58.4989332059082,
"ZAF","LTUNEMP","TOT","PC_UNEMP","A","2013",57.805376106168,
"ZAF","LTUNEMP","TOT","PC_UNEMP","A","2014",57.7521265890472,
"ZAF","LTUNEMP","TOT","PC_UNEMP","A","2015",56.9538649395869,
"ZAF","LTUNEMP","TOT","PC_UNEMP","A","2016",58.7615095362395,
"ZAF","LTUNEMP","TOT","PC_UNEMP","A","2017",60.4409892146089,
"ZAF","LTUNEMP","TOT","PC_UNEMP","A","2018",62.0653950991672,
"ZAF","LTUNEMP","TOT","PC_UNEMP","A","2019",64.8051625713576,
"ZAF","LTUNEMP","TOT","PC_UNEMP","A","2020",61.2801678908709,
"OECD","LTUNEMP","TOT","PC_UNEMP","A","1983",27.3481864704913,
"OECD","LTUNEMP","TOT","PC_UNEMP","A","1984",29.2973655274975,
"OECD","LTUNEMP","TOT","PC_UNEMP","A","1985",31.2272455008344,
"OECD","LTUNEMP","TOT","PC_UNEMP","A","1986",34.1374505658449,
"OECD","LTUNEMP","TOT","PC_UNEMP","A","1987",35.621767056406,
"OECD","LTUNEMP","TOT","PC_UNEMP","A","1988",36.236782719846,
"OECD","LTUNEMP","TOT","PC_UNEMP","A","1989",34.1774575639762,
"OECD","LTUNEMP","TOT","PC_UNEMP","A","1990",30.9522172845208,
"OECD","LTUNEMP","TOT","PC_UNEMP","A","1991",27.2192006660147,
"OECD","LTUNEMP","TOT","PC_UNEMP","A","1992",28.0709231886429,
"OECD","LTUNEMP","TOT","PC_UNEMP","A","1993",31.007557818047,
"OECD","LTUNEMP","TOT","PC_UNEMP","A","1994",34.695774610813,
"OECD","LTUNEMP","TOT","PC_UNEMP","A","1995",33.4509405120163,
"OECD","LTUNEMP","TOT","PC_UNEMP","A","1996",33.7822907494623,
"OECD","LTUNEMP","TOT","PC_UNEMP","A","1997",34.36012796173,
"OECD","LTUNEMP","TOT","PC_UNEMP","A","1998",32.4676894189843,
"OECD","LTUNEMP","TOT","PC_UNEMP","A","1999",31.136556782803,
"OECD","LTUNEMP","TOT","PC_UNEMP","A","2000",31.0434129595956,
"OECD","LTUNEMP","TOT","PC_UNEMP","A","2001",29.0689516336168,
"OECD","LTUNEMP","TOT","PC_UNEMP","A","2002",29.3471603039691,
"OECD","LTUNEMP","TOT","PC_UNEMP","A","2003",30.3592324448461,
"OECD","LTUNEMP","TOT","PC_UNEMP","A","2004",31.2970386111416,
"OECD","LTUNEMP","TOT","PC_UNEMP","A","2005",31.6890347318975,
"OECD","LTUNEMP","TOT","PC_UNEMP","A","2006",31.1189140357133,
"OECD","LTUNEMP","TOT","PC_UNEMP","A","2007",27.3854909541125,
"OECD","LTUNEMP","TOT","PC_UNEMP","A","2008",23.8595643683138,
"OECD","LTUNEMP","TOT","PC_UNEMP","A","2009",22.9821078734222,
"OECD","LTUNEMP","TOT","PC_UNEMP","A","2010",30.5974361433957,
"OECD","LTUNEMP","TOT","PC_UNEMP","A","2011",32.5930884704968,
"OECD","LTUNEMP","TOT","PC_UNEMP","A","2012",32.9710120918964,
"OECD","LTUNEMP","TOT","PC_UNEMP","A","2013",34.0128607889762,
"OECD","LTUNEMP","TOT","PC_UNEMP","A","2014",34.0707220594974,
"OECD","LTUNEMP","TOT","PC_UNEMP","A","2015",32.4138162304276,
"OECD","LTUNEMP","TOT","PC_UNEMP","A","2016",30.9219878791741,
"OECD","LTUNEMP","TOT","PC_UNEMP","A","2017",29.5313997747592,
"OECD","LTUNEMP","TOT","PC_UNEMP","A","2018",27.599686946788,
"OECD","LTUNEMP","TOT","PC_UNEMP","A","2019",25.7256035695438,
"OECD","LTUNEMP","TOT","PC_UNEMP","A","2020",18.4233309915127,
"ROU","LTUNEMP","TOT","PC_UNEMP","A","2000",51.4741527434055,
"ROU","LTUNEMP","TOT","PC_UNEMP","A","2001",49.4915699405451,
"ROU","LTUNEMP","TOT","PC_UNEMP","A","2002",53.9795778653369,
"ROU","LTUNEMP","TOT","PC_UNEMP","A","2003",61.8545948081018,
"ROU","LTUNEMP","TOT","PC_UNEMP","A","2004",58.9353492716881,
"ROU","LTUNEMP","TOT","PC_UNEMP","A","2005",56.2891957655923,
"ROU","LTUNEMP","TOT","PC_UNEMP","A","2006",57.78839553084,
"ROU","LTUNEMP","TOT","PC_UNEMP","A","2007",50.0254326996841,
"ROU","LTUNEMP","TOT","PC_UNEMP","A","2008",41.2974917407976,
"ROU","LTUNEMP","TOT","PC_UNEMP","A","2009",31.5921710252732,
"ROU","LTUNEMP","TOT","PC_UNEMP","A","2010",34.5523979752812,
"ROU","LTUNEMP","TOT","PC_UNEMP","A","2011",41.0296545455942,
"ROU","LTUNEMP","TOT","PC_UNEMP","A","2012",44.1999458436687,
"ROU","LTUNEMP","TOT","PC_UNEMP","A","2013",45.162736855061,
"ROU","LTUNEMP","TOT","PC_UNEMP","A","2014",41.1022773738504,
"ROU","LTUNEMP","TOT","PC_UNEMP","A","2015",43.9113101961724,
"ROU","LTUNEMP","TOT","PC_UNEMP","A","2016",50.0156800642602,
"ROU","LTUNEMP","TOT","PC_UNEMP","A","2017",41.4110205265386,
"ROU","LTUNEMP","TOT","PC_UNEMP","A","2018",44.0873889306922,
"ROU","LTUNEMP","TOT","PC_UNEMP","A","2019",42.4428248365824,
"ROU","LTUNEMP","TOT","PC_UNEMP","A","2020",29.9061155105932,
"COL","LTUNEMP","TOT","PC_UNEMP","A","2001",26.4635729208967,
"COL","LTUNEMP","TOT","PC_UNEMP","A","2002",31.5332962232285,
"COL","LTUNEMP","TOT","PC_UNEMP","A","2003",31.4600173825887,
"COL","LTUNEMP","TOT","PC_UNEMP","A","2004",30.2728044167505,
"COL","LTUNEMP","TOT","PC_UNEMP","A","2005",28.0143170500241,
"COL","LTUNEMP","TOT","PC_UNEMP","A","2007",12.0181044388961,
"COL","LTUNEMP","TOT","PC_UNEMP","A","2008",10.1825340424975,
"COL","LTUNEMP","TOT","PC_UNEMP","A","2009",11.4242803474751,
"COL","LTUNEMP","TOT","PC_UNEMP","A","2010",11.8887929442955,
"COL","LTUNEMP","TOT","PC_UNEMP","A","2011",10.4018945216939,
"COL","LTUNEMP","TOT","PC_UNEMP","A","2012",9.46918743490027,
"COL","LTUNEMP","TOT","PC_UNEMP","A","2013",8.65728693155384,
"COL","LTUNEMP","TOT","PC_UNEMP","A","2014",9.13209609728964,
"COL","LTUNEMP","TOT","PC_UNEMP","A","2015",7.67368437600694,
"COL","LTUNEMP","TOT","PC_UNEMP","A","2016",7.32323706971151,
"COL","LTUNEMP","TOT","PC_UNEMP","A","2017",8.41003180253518,
"COL","LTUNEMP","TOT","PC_UNEMP","A","2018",10.0651680623033,
"COL","LTUNEMP","TOT","PC_UNEMP","A","2019",11.531434260849,
"COL","LTUNEMP","TOT","PC_UNEMP","A","2020",6.80185037299186,
"CRI","LTUNEMP","TOT","PC_UNEMP","A","2012",9.82949448542598,
"CRI","LTUNEMP","TOT","PC_UNEMP","A","2013",11.1197725220907,
"CRI","LTUNEMP","TOT","PC_UNEMP","A","2014",15.9145451506998,
"CRI","LTUNEMP","TOT","PC_UNEMP","A","2015",15.8939911734158,
"CRI","LTUNEMP","TOT","PC_UNEMP","A","2016",16.6881293560536,
"CRI","LTUNEMP","TOT","PC_UNEMP","A","2017",14.7095620206499,
"CRI","LTUNEMP","TOT","PC_UNEMP","A","2018",14.3935927164014,
"CRI","LTUNEMP","TOT","PC_UNEMP","A","2019",12.8519238822949,
"CRI","LTUNEMP","TOT","PC_UNEMP","A","2020",7.71324741313472,
"NAM","LTUNEMP","TOT","PC_UNEMP","A","1968",2.30578219226676,
"NAM","LTUNEMP","TOT","PC_UNEMP","A","1969",1.90745319675026,
"NAM","LTUNEMP","TOT","PC_UNEMP","A","1970",2.10166177908113,
"NAM","LTUNEMP","TOT","PC_UNEMP","A","1971",3.52379056340832,
"NAM","LTUNEMP","TOT","PC_UNEMP","A","1972",5.10350481656077,
"NAM","LTUNEMP","TOT","PC_UNEMP","A","1973",3.25315005727377,
"NAM","LTUNEMP","TOT","PC_UNEMP","A","1974",2.68221574344023,
"NAM","LTUNEMP","TOT","PC_UNEMP","A","1975",5.30761472516389,
"NAM","LTUNEMP","TOT","PC_UNEMP","A","1976",8.14282013215584,
"NAM","LTUNEMP","TOT","PC_UNEMP","A","1977",6.83577011602003,
"NAM","LTUNEMP","TOT","PC_UNEMP","A","1978",5.12856679804794,
"NAM","LTUNEMP","TOT","PC_UNEMP","A","1979",4.27892689190409,
"NAM","LTUNEMP","TOT","PC_UNEMP","A","1980",4.34721191970209,
"NAM","LTUNEMP","TOT","PC_UNEMP","A","1981",6.6323132828981,
"NAM","LTUNEMP","TOT","PC_UNEMP","A","1982",7.63115128658253,
"NAM","LTUNEMP","TOT","PC_UNEMP","A","1983",13.1779320437631,
"NAM","LTUNEMP","TOT","PC_UNEMP","A","1984",12.244016165714,
"NAM","LTUNEMP","TOT","PC_UNEMP","A","1985",9.82470317873472,
"NAM","LTUNEMP","TOT","PC_UNEMP","A","1986",8.94275497407606,
"NAM","LTUNEMP","TOT","PC_UNEMP","A","1987",8.45945032765772,
"NAM","LTUNEMP","TOT","PC_UNEMP","A","1988",7.59416767788832,
"NAM","LTUNEMP","TOT","PC_UNEMP","A","1989",6.05498754007621,
"NAM","LTUNEMP","TOT","PC_UNEMP","A","1990",5.71274589715458,
"NAM","LTUNEMP","TOT","PC_UNEMP","A","1991",6.63940772581975,
"NAM","LTUNEMP","TOT","PC_UNEMP","A","1992",11.3907308491841,
"NAM","LTUNEMP","TOT","PC_UNEMP","A","1993",12.2677390813185,
"NAM","LTUNEMP","TOT","PC_UNEMP","A","1994",13.1038851177674,
"NAM","LTUNEMP","TOT","PC_UNEMP","A","1995",9.05766818629329,
"NAM","LTUNEMP","TOT","PC_UNEMP","A","1996",9.32419299805138,
"NAM","LTUNEMP","TOT","PC_UNEMP","A","1997",8.95163820381231,
"NAM","LTUNEMP","TOT","PC_UNEMP","A","1998",7.9250917762309,
"NAM","LTUNEMP","TOT","PC_UNEMP","A","1999",6.96737436810358,
"NAM","LTUNEMP","TOT","PC_UNEMP","A","2000",6.25045884152061,
"NAM","LTUNEMP","TOT","PC_UNEMP","A","2001",6.06279731044599,
"NAM","LTUNEMP","TOT","PC_UNEMP","A","2002",7.96418472481423,
"NAM","LTUNEMP","TOT","PC_UNEMP","A","2003",10.6161281141792,
"NAM","LTUNEMP","TOT","PC_UNEMP","A","2004",10.949585145493,
"NAM","LTUNEMP","TOT","PC_UNEMP","A","2005",10.0708825039842,
"NAM","LTUNEMP","TOT","PC_UNEMP","A","2006",8.53985351223144,
"NAM","LTUNEMP","TOT","PC_UNEMP","A","2007",8.31472712559527,
"NAM","LTUNEMP","TOT","PC_UNEMP","A","2008",8.9731119985627,
"NAM","LTUNEMP","TOT","PC_UNEMP","A","2009",13.6095976890638,
"NAM","LTUNEMP","TOT","PC_UNEMP","A","2010",24.1353921217325,
"NAM","LTUNEMP","TOT","PC_UNEMP","A","2011",25.8761466886908,
"NAM","LTUNEMP","TOT","PC_UNEMP","A","2012",23.8999298655454,
"NAM","LTUNEMP","TOT","PC_UNEMP","A","2013",20.953364148705,
"NAM","LTUNEMP","TOT","PC_UNEMP","A","2014",18.2309628246255,
"NAM","LTUNEMP","TOT","PC_UNEMP","A","2015",14.7706301306861,
"NAM","LTUNEMP","TOT","PC_UNEMP","A","2016",13.7411581967998,
"NAM","LTUNEMP","TOT","PC_UNEMP","A","2017",12.4134375885909,
"NAM","LTUNEMP","TOT","PC_UNEMP","A","2018",10.7410257096287,
"NAM","LTUNEMP","TOT","PC_UNEMP","A","2019",9.90857856193814,
"NAM","LTUNEMP","TOT","PC_UNEMP","A","2020",5.01047892400951,
"EU27","LTUNEMP","TOT","PC_UNEMP","A","1983",45.9671696691305,
"EU27","LTUNEMP","TOT","PC_UNEMP","A","1984",48.4610257343726,
"EU27","LTUNEMP","TOT","PC_UNEMP","A","1985",52.4744888404344,
"EU27","LTUNEMP","TOT","PC_UNEMP","A","1986",54.5101043642792,
"EU27","LTUNEMP","TOT","PC_UNEMP","A","1987",54.7839602698569,
"EU27","LTUNEMP","TOT","PC_UNEMP","A","1988",54.8062085080151,
"EU27","LTUNEMP","TOT","PC_UNEMP","A","1989",54.5255700272567,
"EU27","LTUNEMP","TOT","PC_UNEMP","A","1990",51.7215667810465,
"EU27","LTUNEMP","TOT","PC_UNEMP","A","1991",46.2165069679425,
"EU27","LTUNEMP","TOT","PC_UNEMP","A","1992",40.3705308803845,
"EU27","LTUNEMP","TOT","PC_UNEMP","A","1993",42.1603785163953,
"EU27","LTUNEMP","TOT","PC_UNEMP","A","1994",46.4285053470874,
"EU27","LTUNEMP","TOT","PC_UNEMP","A","1995",49.3310928247405,
"EU27","LTUNEMP","TOT","PC_UNEMP","A","1996",48.9326114963571,
"EU27","LTUNEMP","TOT","PC_UNEMP","A","1997",49.3548186537133,
"EU27","LTUNEMP","TOT","PC_UNEMP","A","1998",48.7268588110282,
"EU27","LTUNEMP","TOT","PC_UNEMP","A","1999",46.8940008100009,
"EU27","LTUNEMP","TOT","PC_UNEMP","A","2000",47.2954838056986,
"EU27","LTUNEMP","TOT","PC_UNEMP","A","2001",46.7565096239207,
"EU27","LTUNEMP","TOT","PC_UNEMP","A","2002",45.9677447615272,
"EU27","LTUNEMP","TOT","PC_UNEMP","A","2003",46.8946256042882,
"EU27","LTUNEMP","TOT","PC_UNEMP","A","2004",45.8851399517802,
"EU27","LTUNEMP","TOT","PC_UNEMP","A","2005",47.190580707916,
"EU27","LTUNEMP","TOT","PC_UNEMP","A","2006",47.4414127079155,
"EU27","LTUNEMP","TOT","PC_UNEMP","A","2007",44.2143840220001,
"EU27","LTUNEMP","TOT","PC_UNEMP","A","2008",38.132865988504,
"EU27","LTUNEMP","TOT","PC_UNEMP","A","2009",34.0407559923415,
"EU27","LTUNEMP","TOT","PC_UNEMP","A","2010",40.3834415296604,
"EU27","LTUNEMP","TOT","PC_UNEMP","A","2011",43.6716979925966,
"EU27","LTUNEMP","TOT","PC_UNEMP","A","2012",45.1674675581645,
"EU27","LTUNEMP","TOT","PC_UNEMP","A","2013",48.0369309388253,
"EU27","LTUNEMP","TOT","PC_UNEMP","A","2014",50.2385024049134,
"EU27","LTUNEMP","TOT","PC_UNEMP","A","2015",49.8285169316044,
"EU27","LTUNEMP","TOT","PC_UNEMP","A","2016",48.3070373542617,
"EU27","LTUNEMP","TOT","PC_UNEMP","A","2017",46.577424403758,
"EU27","LTUNEMP","TOT","PC_UNEMP","A","2018",44.6898847446584,
"EU27","LTUNEMP","TOT","PC_UNEMP","A","2019",41.7455438747647,
"EU27","LTUNEMP","TOT","PC_UNEMP","A","2020",35.5857487601964,
